city/state,count
"NEW YORK, NY",25242
"SAN FRANCISCO, CA",22457
"AUSTIN, TX",13714
"CHICAGO, IL",13134
"SEATTLE, WA",11487
"LOS ANGELES, CA",10036
"DENVER, CO",9872
"SAN DIEGO, CA",9712
"ATLANTA, GA",9137
"PORTLAND, OR",8941
"LONGMONT, CO",8634
"WASHINGTON, DC",7873
"RESTON, VA",7290
"OAKLAND, CA",6842
"BOULDER, CO",6616
"COLUMBUS, OH",5947
"HOUSTON, TX",5790
"TAMPA, FL",5546
"SANTA MONICA, CA",5446
"PHILADELPHIA, PA",5360
"CAMBRIDGE, MA",5266
"DURHAM, NC",5139
"SALT LAKE CITY, UT",4705
"RALEIGH, NC",4299
"IRVINE, CA",4285
"LAS VEGAS, NV",4116
"DALLAS, TX",3954
"CHARLOTTE, NC",3846
"MOUNTAIN VIEW, CA",3843
"BOSTON, MA",3831
"MINNEAPOLIS, MN",3793
"ORLANDO, FL",3663
"SANTA CLARA, CA",3628
"NASHVILLE, TN",3356
"SAN JOSE, CA",3073
"PITTSBURGH, PA",3051
"MEMPHIS, TN",2982
"MIAMI, FL",2965
"PLANO, TX",2733
"RICHARDSON, TX",2689
"COLORADO SPRINGS, CO",2629
"MELBOURNE, FL",2559
"ANN ARBOR, MI",2520
"DETROIT, MI",2504
"PHOENIX, AZ",2478
"BIRMINGHAM, AL",2431
"CINCINNATI, OH",2331
"ALBUQUERQUE, NM",2322
"WICHITA, KS",2275
"PALO ALTO, CA",2252
"JACKSONVILLE, FL",2244
"ARLINGTON, VA",2213
"OKLAHOMA CITY, OK",2177
"SACRAMENTO, CA",2165
"FORT COLLINS, CO",2147
"SUNNYVALE, CA",2090
"INDIANAPOLIS, IN",2079
"LOUISVILLE, KY",2010
"LOVELAND, CO",1973
"BALTIMORE, MD",1956
"DUBLIN, OH",1909
"SAN ANTONIO, TX",1867
"RICHMOND, VA",1804
"SAINT LOUIS, MO",1788
"KANSAS CITY, MO",1788
"GRAND RAPIDS, MI",1740
"UPLAND, CA",1681
"EUGENE, OR",1678
"TEMPE, AZ",1661
"CHATTANOOGA, TN",1654
"CLEVELAND, OH",1558
"PASADENA, CA",1556
"CARROLLTON, TX",1549
"MADISON, WI",1547
"LIVERMORE, CA",1512
"DECATUR, GA",1491
"HENDERSON, NV",1463
"BELLEVUE, WA",1446
"MILWAUKEE, WI",1390
"ROCKVILLE, MD",1348
"AKRON, OH",1323
"BUFFALO, NY",1319
"ROCHESTER, NY",1290
"LEHI, UT",1284
"MARIETTA, GA",1276
"NEW ORLEANS, LA",1273
"MERIDEN, CT",1250
"TUCSON, AZ",1242
"HARTFORD, CT",1228
"SAINT PETERSBURG, FL",1210
"OMAHA, NE",1200
"LOWELL, MA",1192
"OLYMPIA, WA",1150
"SARASOTA, FL",1142
"ST. LOUIS, MO",1095
"FORT LAUDERDALE, FL",1086
"TULSA, OK",1068
"KNOXVILLE, TN",1034
"WATERTOWN, CT",1020
"RESTON, AL",997
"MESA, AZ",952
"FRESNO, CA",949
"BROOMFIELD, CO",933
"NEW HAVEN, CT",932
"RENO, NV",924
"CARY, NC",918
"BROOKLYN, NY",883
"SANTA BARBARA, CA",878
"DAYTON, OH",877
"GAINESVILLE, FL",876
"PRINCETON, NJ",855
"ADDISON, TX",840
"ALPHARETTA, GA",825
"MASON, OH",824
"LONG BEACH, CA",813
"NEW BRUNSWICK, NJ",812
"COSTA MESA, CA",811
"CHATSWORTH, CA",805
"NEWPORT BEACH, CA",802
"CARMEL, IN",802
"SAN RAMON, CA",781
"DES MOINES, IA",764
"CULVER CITY, CA",742
"SCOTTSDALE, AZ",739
"BLOOMINGTON, MN",714
"ANCHORAGE, AK",701
"AMES, IA",699
"MOBILE, AL",686
"REDMOND, WA",686
"SANTA CRUZ, CA",682
"SONORA, CA",680
"NORFOLK, VA",677
"SAINT PETERS, MO",673
"RIVERSIDE, CA",656
"GLENDALE, CA",649
"BOISE, ID",646
"FISHERS, IN",645
"FREMONT, CA",643
"EVERETT, WA",636
"BOCA RATON, FL",619
"DAVIE, FL",615
"FULLERTON, CA",615
"SAN DIEGO 92101, CA",612
"CLEARWATER, FL",611
"CHARLESTON, SC",610
"VENICE , CA",604
"KALAMAZOO, MI",602
"ENGLEWOOD, CO",602
"IRVING, TX",599
"BEND, OR",597
"MORRISVILLE, NC",597
"BERKELEY, CA",595
"CHANDLER, AZ",585
"AUGUSTA, GA",574
"FRISCO, TX",571
"LEXINGTON, KY",570
"MC LEAN, VA",566
"BURBANK, CA",558
"LINCOLN, NE",539
"GOLETA, CA",539
"VENTURA, CA",534
"HONOLULU, HI",530
"OVERLAND PARK, KS",525
"DENTON, TX",525
"VENICE, CA",525
"SAN LUIS OBISPO, CA",519
"QUEEN CREEK, AZ",504
"IOWA CITY, IA",500
"LAWRENCEVILLE, GA",499
"MCLEAN, VA",495
"SANTA ANA, CA",483
"WILMINGTON, DE",473
"NORWALK, CT",473
"REDWOOD CITY, CA",464
"WEST CHESTER, OH",463
"LA JOLLA, CA",463
"PEORIA, IL",463
"EVANSVILLE, IN",462
"SAN MATEO, CA",456
"SHAKER HEIGHTS, OH",454
"WEST DES MOINES, IA",454
"ROUND ROCK, TX",447
"DANBURY, CT",442
"ST. PETERSBURG, FL",441
"HUNTSVILLE, AL",437
"JACKSONVILLE BEACH, FL",432
"MENLO PARK, CA",427
"WEST PALM BEACH, FL",426
"APPLETON, WI",425
"SOMERVILLE, MA",416
"PLEASANTON, CA",409
"WESTLAKE VILLAGE, CA",408
"NORTHAMPTON, MA",400
"PROVO, UT",398
"FLOWER MOUND, TX",397
"SUWANEE, GA",397
"WESTERVILLE, OH",389
"GREENSBORO, NC",384
"CARLSBAD, CA",377
"BRENTWOOD, TN",377
"FRAMINGHAM, MA",374
"NEW LONDON, CT",373
"HUNTINGTON BEACH, CA",369
"GLEN ALLEN, VA",369
"VIENNA, VA",368
"DEL MAR, CA",351
"TORRANCE, CA",349
"WESTMINSTER, CO",346
"SAINT PAUL, MN",342
"VANCOUVER, WA",338
"ANAHEIM, CA",337
"MALVERN, PA",330
"DULUTH, GA",329
"FORT WORTH, TX",329
"SYRACUSE, NY",322
"FAYETTEVILLE, NC",322
"HACKENSACK, NJ",320
"SANDY, UT",319
"CAMPBELL, CA",319
"MURRIETA, CA",312
"STAMFORD, CT",310
"ARCADIA, CA",301
"ITHACA, NY",301
"VIRGINIA BEACH, VA",298
"EL SEGUNDO, CA",296
"EAST LANSING, MI",294
"BURLINGTON, MA",294
"EDINA, MN",293
"AMHERST, MA",293
"CHAPEL HILL, NC",282
"JACKSON, MI",279
"NEWTON, MA",278
"WINDERMERE, FL",277
"COLUMBIA, SC",275
"ORANGE, CA",274
"EARTH, NC",274
"OREM, UT",274
"SPRINGFIELD, MO",268
"CEDAR RAPIDS, IA",267
"SAVANNAH, GA",265
"FAIRFAX, VA",264
"WINDSOR, ON",262
"NEWARK, NJ",259
"YOUNGSTOWN, OH",259
"SOUTH JORDAN, UT",258
"CARRBORO, NC",245
"MARYLAND HEIGHTS, MO",244
"YPSILANTI, MI",242
"CHULA VISTA, CA",241
"HIGHLAND PARK, NJ",240
"ELK GROVE, CA",239
"MARINA DEL REY, CA",238
"CASSELBERRY, FL",235
"FRANKLIN, TN",234
"SOUTHFIELD, MI",234
"SOUTH BEND, IN",232
"FARMINGTON HILLS, MI",231
"AUSTIN, TE",231
"BURLINGTON, NC",230
"FERNDALE, MI",228
"WINSTON SALEM, NC",227
"ATHENS, GA",227
"ALEXANDRIA, VA",226
"DRAPER, UT",225
"MILPITAS, CA",225
"LENEXA, KS",223
"SPOKANE, WA",223
"FORT MYERS, FL",219
"FINDLAY, OH",217
"SOLANA BEACH, CA",216
"ALLENTOWN, PA",215
"MODESTO, CA",211
"BROOKFIELD, WI",210
"TOLEDO, OH",209
"NEVADA CITY, CA",208
"STAFFORD, TX",206
"FREDERICK, MD",205
"ST. PAUL, MN",202
"CORAL GABLES, FL",201
"NORTH CHARLESTON, SC",199
"OKEMOS, MI",198
"ROYAL OAK, MI",198
"STUDIO CITY, CA",196
"WINTER PARK, FL",196
"CLAYTON, MO",196
"JACKSON HEIGHTS, NY",195
"POUGHKEEPSIE, NY",195
"SCHAUMBURG, IL",195
"ARLINGTON HEIGHTS, IL",194
"NORTH HOLLYWOOD, CA",192
"ROSEVILLE, MN",189
"CUPERTINO, CA",189
"TALLAHASSEE, FL",187
"CENTENNIAL, CO",184
"BETHLEHEM, PA",183
"WILLIAMSBURG, VA",180
"TIGARD, OR",180
"LEAWOOD, KS",179
"PROVIDENCE, RI",179
"TROY, MI",177
"ARLINGTON, VI",176
"FOSTER CITY, CA",175
"LANSING, MI",175
"BEAVERTON, OR",174
"LAFAYETTE, IN",174
"GREENWOOD VILLAGE, CO",172
"ST CHARLES, IL",171
"VAN NUYS, CA",171
"COLUMBIA, MD",171
"ST PAUL, MN",170
"ONLINE, CA",169
"BAYSIDE, NY",168
"SANTA FE, NM",168
"OLDSMAR, FL",164
"CHEVY CHASE, MD",163
"NORCROSS, GA",162
"KIRKLAND, WA",160
"BLUE ASH, OH",159
"SAN FRANCISCO , CA",158
"SAN DIEGO , CA",158
"NEW ALBANY, OH",157
"HUNTINGTON, NY",156
"LAGUNA HILLS, CA",156
"FAIRBURN, GA",155
"SILICON VALLEY, CA",153
"MURRAY, UT",152
"HOLLYWOOD, CA",152
"ONLINE, CA",148
"HOBOKEN, NJ",148
"INDEPENDENCE, OH",148
"LOS ANGELES, 90007, CA",148
"LAFAYETTE, CO",147
"BRADENTON, FL",146
"WEST HOLLYWOOD, CA",143
"WILMINGTON, NC",143
"PEMBROKE PINES, FL",143
"HOLLAND, MI",142
"BURLINGAME, CA",142
"LOS ALTOS, CA",140
"WALTHAM, MA",138
"TACOMA, WA",136
"NAPERVILLE, IL",135
"HILLSBORO, OR",134
"REDLANDS, CA",133
"JACKSON, MS",133
"MARYSVILLE, OH",131
"CHICO, CA",131
"STANFORD, CA",130
"LOVELAND, OH",128
"QUEENS, NY",128
"BURBANK, AL",128
"WESTLAKE, OH",128
"CANTON, OH",127
"SMYRNA, GA",126
"WAKE FOREST, NC",125
"NORTH RICHLAND HILLS, TX",125
"BENICIA, CA",125
"FLEMINGTON, NJ",124
"FAIRVIEW PARK, OH",123
"TOLUCA LAKE, CA",122
"ARLINGTON, TX",122
"HERNDON, VA",122
"RANCHO CORDOVA, CA",120
"GOLDEN VALLEY, MN",120
"COCONUT GROVE, FL",119
"PINELLAS PARK, FL",119
"LAUDERHILL, FL",119
"MIAMI BEACH, FL",119
"RESEARCH TRIANGLE PARK, NC",118
"LACEY, WA",117
"NEWARK, DE",117
"STERLING, VA",115
"EVANSTON, IL",115
"BAKERSFIELD, CA",115
"FAIRBORN, OH",114
"CHESTERFIELD, MO",114
"UPPER ARLINGTON, OH",113
"LOUISVILLE, CO",113
"CHICAGO, IL 60640, IL",112
"SHERMAN OAKS, CA",111
"CLEVELAND HEIGHTS, OH",111
"WALNUT CREEK, CA",110
"BRIGHTON, MI",110
"ST. CHARLES, IL",110
"CHAMBLEE, GA",109
"COLUMBIA, MO",109
"LA JOLLA, CA 92037, CA",108
"CAPITOLA, CA",108
"FT. LAUDERDALE, FL",106
"ESCONDIDO, CA",106
"ALHAMBRA, CA",105
"LITTLETON, CO",104
"MORRISTOWN, TN",103
"BETHESDA, MD",103
"COVINGTON, KY",103
"GAHANNA, OH",102
"LUBBOCK, TX",100
"HOOVER, AL",100
"HAMILTON, ON",100
"TUSTIN, CA",99
"DUBLIN, CA",99
"RED WING, MN",99
"NORTH LITTLE ROCK, AR",98
"LAYTON, UT",97
"DAVENPORT, IA",97
"MISSION, KS",96
"LOS GATOS, CA",96
"BRONX, NY",96
"PORTLAND 97201, OR",96
"NEW YORK CITY, NY",96
"JACKSONVILLE , FL",95
"WESTON, FL",95
"CREVE COEUR, MO",95
"LAWRENCE, KS",95
"LOUISVILLE , KY",94
"WASHINGTON , DC",93
"PALM BEACH GARDENS, FL",92
"LAKELAND, FL",92
"DULLES, VA",91
"NY, NY",90
"TYSONS CORNER, VA",90
"LARGO, FL",90
"CORDOVA, TN",90
"GREEN BAY, WI",90
"MONTEREY, CA",90
"MIRAMAR, FL",90
"DAVIDSON, NC",89
"BLOOMINGTON, IN",88
"EAST PEORIA, IL",88
"SANTA CLARITA, CA",87
"BOSTON , MA",86
"WASHINGTON D.C., DC",86
"DUNWOODY, GA",86
"LYNNWOOD, WA",85
"MANHATTAN, NY",85
"SAFETY HARBOR, FL",85
"SAN BRUNO, CA",84
"MINNEAPOLIS, MI",84
"DOWNERS GROVE, IL",84
"DELRAY BEACH, FL",83
"BLUEBELL, PA",83
"COLUMBUS , OH",83
"PITTSBURGH, PE",82
"MISSION VIEJO, CA",82
"SAINT CHARLES, MO",82
"MCHENRY, IL",82
"ST LOUIS PARK, MN",81
"ST AUGUSTINE, FL",81
"ROSEVILLE, CA",81
"FORT WAYNE, IN",81
"PALATINE, IL",80
"NORTHRIDGE, CA",80
"NEW BRITAIN, CT",80
"VISTA, CA",79
"ASTORIA, NY",79
"LAKEWOOD, CO",79
"CONSHOHOCKEN, PA",78
"ST. LOUIS PARK, MN",78
"WOODLAND HILLS, CA",77
"MERIDIAN, ID",77
"HOMEWOOD, AL",77
"KENNESAW, GA",77
"FAIRWAY, KS",76
"EDMOND, OK",76
"SANDY SPRINGS, GA",76
"ENGLISHTOWN, NJ",76
"BEVERLY HILLS, CA",76
"ST PETERSBURG, FL",76
"WORTHINGTON, OH",75
"WASHINGTON DC , DC",75
"PLAYA VISTA, CA",74
"STOW, OH",73
"CRANBURY, NJ",73
"WEBSTER GROVES, MO",73
"POWAY, CA",72
"TYSONS, VA",72
"CHARLOTTE , NC",72
"COPPELL, TX",70
"ARLINGTON, MA",70
"SOUTHLAKE, TX",70
"WEST HARTFORD, CT",69
"GAITHERSBURG, MD",69
"PEWAUKEE, WI",69
"MOUNT PLEASANT, SC",69
"GLENVIEW, IL",68
"MANHATTAN BEACH, CA",68
"EAST TROY, WI",68
"POMONA, CA",67
"GLENDALE, AZ",67
"SUPERIOR, CO",67
"MURFREESBORO, TN",67
"ISELIN, NJ",67
"WOODSTOCK, GA",67
"WESTLAKE VILLAGE, CA, 91361, CA",67
"SUNSET VALLEY, TX",66
"NEPTUNE BEACH, FL",66
"HADLEY, MA",66
"AUSTIN , TX",66
"ELGIN, IL",65
"CALIFORNIA, CA",65
"THE WOODLANDS, TX",65
"VIRTUAL, MA",64
"MESILLA, NM",64
"DE PERE, WI",64
"TUSCALOOSA, AL",64
"SAINT CHARLES, IL",64
"SARATOGA, CA",64
"LOS ANGELES 90031, CA",63
"AGOURA HILLS, CA",63
"HOLMDEL , NJ",63
"MUSKOGEE, OK",63
"SAINT AUGUSTINE, FL",63
"JERSEY CITY, NJ",63
"IRVING , TX",63
"WACO, TX",63
"MIAMI , FL",62
"BATON ROUGE, LA",62
"PAWTUCKET, RI",62
"CONCORD, NC",62
"LINTHICUM HEIGHTS, MD",61
"HAYWARD, CA",61
"WEST LAFAYETTE, IN",61
"ROCKLIN, CA",61
"ALTAMONTE SPRINGS, FL",60
"PALMDALE, CA",60
"AMERICAN FORK, UT",60
"NANUET, NY",60
"AURORA, IL",59
"VANCOUBER, WA",59
"SOMERSET, NJ",59
"AURORA, CO",59
"FAIRPORT, NY",59
"WORCESTER, MA",59
"CHALFONT, PA",59
"BELMONT, NC",59
"RESEARCH TRIANGLE PARK, NC, NC",58
"GENEVA, IL",58
"GRANITE BAY, CA",58
"WYOMING, OH",58
"CORALVILLE, IA",58
"PALO ALTO , CA",58
"CHICAGO , IL",57
"WEST JORDAN, UT",56
"MONROE TOWNSHIP, NJ",56
"CHANDLER, AZ 85225, AZ",56
"NEW HOPE, PA",56
"WILKES-BARRE, PA",56
"GARNER, NC",55
"LAKEWOOD, OH",55
"SEVEN HILLS, OH",55
"LOGAN, UT",55
"BELLEVUE, WA 98004, WA",55
"MARICOPA, AZ",55
"ACCESS CODE: 898-417-645, PA",55
"MATTHEWS, NC",55
"HENRICO, VA",54
"DANIA BEACH, FL",54
"ORANGE CITY, FL",54
"LONGWOOD, FL",54
"ST LOUIS, MO",54
"OGDEN, UT",54
"MAITLAND, FL",53
"BLUFFDALE, UT",53
"KISSIMMEE, FL",53
"TEMECULA, CA",53
"NATIONAL CITY, CA",53
"PALM SPRINGS, CA",53
"WESTWOOD, KS",53
"ASHBURN, VA",53
"GREELEY, CO",53
"PORTLAND , OR",52
"MOORESVILLE, NC",52
"CORONA, CA",52
"NYC, NY",52
"SALEM, OR",52
"1ST FLOOR MAIN SPACE, TX",52
"STOCKTON, CA",52
"TOPEKA, KS",51
"BALDWIN PARK, CA",51
"FLORENCE, AL",51
"LONE TREE, CO",50
"ONLINE, FL",50
"OAK BROOK, IL",50
"LONG ISLAND CITY, NY",50
"DOYLESTOWN, PA",50
"BYRON CENTER, MI",49
"PLANTATION, FL",49
"MINEAPOLIS, MN",49
"ISSAQUASH, WA",49
"KATY, TX",49
"LOUISVILLE, KY 40202, KY",49
"DELAND, FL",48
"EAGAN, MN",48
"HIGHLAND HEIGHTS, OH",48
"AGAWAM, MA",48
"UNITED STATES,",48
"NJ, NY",47
"HUBER HEIGHTS, OH",47
"STONY BROOK, NY",47
"KENT, OH",47
"ROSWELL, GA",47
"POWELL, OH",47
"WHITE PLAINS, NY",46
"NORTHRIDGE 91324, CA",46
"NEWARK, CA",46
"COTTLEVILLE, MO",46
"MOFFETT FIELD, CA",46
"ANYWHERE, CA",46
"FLINT, MI",46
"ATLANTIC BEACH, FL",46
"LAKE FOREST, CA",45
"SILVER SPRING, MD",45
"NORTHBROOK, IL",45
"BOYNTON BEACH, FL",45
"EDEN PRAIRIE, MN",45
"11042, NY",45
"NORTH LIBERTY, IA",45
"BROOKVILLE, NY",45
"OAK CREEK, WI",45
"WINTER PARK,, FL",45
"FAIR OAKS, CA",45
"URBANDALE, IA",45
"PERRYSBURG, OH",45
"CAMARILLO, CA",44
"GLOBAL, GA",44
"SCOTTSDALE , AZ",44
"WINSTON-SALEM, NC",43
"SANTA MONICA , CA",43
"SAN ANTONIO , TX",43
"92101, CA",43
"DANVILLE, CA",42
"FITCHBURG, WI",42
"LITTLE ROCK, AR",42
"ILLINOIS, IL",42
"HAMPTON, VA",42
"KERNERSVILLE, NC",42
"EL PASO, TX",42
"PARK CITY, UT",42
"PILSEN, IL",42
"WHITTIER, CA",42
"MIAMISBURG, OH",42
"MCLEAN 22102, VA",42
"NEW YORK, NE",42
"HOLLYWOOD 33020, FL",42
"WASHINGTON DC, DC",42
"CARY, NC 27513, NC",41
"48104, MI",41
"NOVI, MI",41
"WEST SACRAMENTO, CA",41
"BONITA, CA",41
"WAUWATOSA, WI",41
"IRVINE , CA",41
"FOLSOM, CA",41
"PARAMUS, NJ",41
"SPRING, TX",40
"SOUTH HADLEY, MA",40
"OXNARD, CA",40
"RANCHO CUCAMONGA, CA",40
"SPRINGFIELD, OR",40
"HAMILTON TOWNSHIP, NJ",40
"BRIDGEWATER, NJ",40
"DELTONA, FL",39
"WEBSTER, NY",39
"OAKLAND PARK, FL",39
"COSTA MESA, CA 92626, CA",39
"PLAINVIEW, NY",39
"FALLS CHURCH, VA",39
"JANESVILLE, WI",39
"PRAIRIE VILLAGE, KS",39
"CENTENNIAL , CO",39
"VALENCIA, CA",39
"RTP, NC",38
"INGLEWOOD, CA",38
"GREEN BROOK TOWNSHIP, NJ",38
"DUNEDIN, FL",38
"DAVIE , FL",38
"UNIONDALE, NY",38
"CORDOVA , TN",38
"NONE, FL",38
"ROCHESTER, MI",38
"TOPANGA CANYON, CA",38
"NORWICH, CT",38
"ENCINITAS, CA",37
"AUSTIN, TX 78704, TX",37
"ANYWHERE, VA",37
"FLORENCE, OR",37
"ANCHORAGE , AK",37
"MADISON, AL",37
"MACON, GA",37
"ALLEN PARK, MI",37
"NEW EGYPT, NJ",37
"GARLAND, TX",37
"CHICAGO, 60606, IL",37
"CEDAR PARK, TX",37
"SANTA CLARA , CA",37
"MAYFIELD VILLAGE, OH",36
"OLATHE, KS",36
"HIGHLAND HILLS, OH",36
"FT LAUDERDALE, FL",36
"MARINA, CA",36
"NAPERVILLE , IL",36
"MUNCIE, IN",36
"FARMINGDALE, NY",36
"MONTEREY PARK, CA",35
"ADDISION, TX",35
"BOSTON, MA",35
"SAINT CHARLES , MO",35
"RICHARDSON , TX",35
"NEW CASTLE, DE",35
"ALISO VIEJO, CA",35
"HANOVER, MD",35
"35806, AL",34
"EASTHAMPTON, MA",34
"HAZELWOOD, MO",34
"MONTGOMERY, AL",34
"PHOENIXVILLE, PA",34
"LOS ANGELES , CA",34
"RENO, NE",34
"GREENWICH, CT",34
"FORT MILL, SC",34
"RESEARCH TRIANGLE, NC",34
"FONTANA, CA",34
"BURLINGTON, NO",33
"GRAND PRAIRIE, TX",33
"SAN FRANCISCO, CA",33
"EL SEGUNDO, AL",33
"DORAL, FL",33
"QUINCY, MA",33
"63017, MO",33
"MCALLEN, TX",33
"TOWN AND COUNTRY, MO",33
"VIENNA , VA",32
"DENVER , CO",32
"YORKTOWN, VA",32
"6TH FLOOR, CA",32
"NORTHGLENN, CO",32
"SUGAR LAND, TX",32
"LAKE MARY, FL",32
"RADNOR, PA",32
"SUNNVYALE, CA",32
"MILPITAS,, CA",32
"KING OF PRUSSIA, PA",32
"PORTOLA VALLEY, CA",32
"HOLLYWOOD, FL",32
"NEW YORK , NY",32
"GRASS VALLEY, CA",32
"ARLINGTON, NE",31
"BRECKSVILLE, OH",31
"FARMERS BRANCH, TX",31
"VALPARAISO, IN",31
"ST. CATHARINES, ON",31
"COLFAX, NC",31
"BLUE BELL, PA",31
"NORTH BRUNSWICK, NJ",31
"GRAPEVINE, TX",31
"MCKINNEY, 75069, TX",31
"ATHERTON, CA",31
"MUSKEGON, MI",31
"ONLINE, TX",30
"LIBERTY LAKE, WA",30
"ST. ANN, MO",30
"BRIDGETON, MO",30
"SACRAMENTO , CA",30
"WARRENVILLE, IL",30
"78218, TX",30
"OAKTON, VA",30
"UNIVERSITY HEIGHTS, OH",30
"SUITE 148, AL",29
"DORCHESTER, MA",29
"MANCHESTER, NH",29
"WESTBURY, NY",29
"COCOA, FL",29
"RANCHO MIRAGE, CA",29
"CARPINTERIA, CA",29
"29403, SC",29
"GURNEE, IL",29
"SPRINGDALE, OH",29
"SAN MARCOS, CA",29
"TRACY, CA",28
"LIVONIA, MI",28
"THE CITY YOU'RE IN, NC",28
"WATSONVILLE, CA",28
"FUQUAY-VARINA, NC",28
"SUNNYALE, CA",28
"ANYTOWN, FL",28
"COLLEGE PARK, MD",28
"WATERTOWN, MA",28
"LONE TREE, 80124, CO",28
"INDEPENDENCE, OH",28
"SEATTLE , WA",28
"WINTER SPRINGS, FL",28
"WAUKESHA, WI",28
"ANY CITY, CA",28
"UTAH, UT",27
"VANCOUVER, BC",27
"GARDEN CITY, ID",27
"LOS ANGELES, AL",27
"GEORGIA, GA",27
"TEMPLE, TX",27
"ATLANTA, GE",27
"RALEIGH , NC",27
"MINNETONKA, MN",27
"AUBURN, CA",27
"BLOOMFIELD, CT",27
"INDEPENDENCE , OH",27
"PARKER, CO",27
"NEPTUNE BEACH , FL",27
"WESTLAKE VILLAGE, CA, CA",26
"GREENFIELD, MA",26
"GILBERT, AZ",26
"VALRICO, FL",26
"BARTLETT, TN",26
"PITTSFORD, NY",26
"APEX, NC",26
"KAYSVILLE, UT",26
"DES PLAINES, IL",26
"HOUSTON, TX 77024, TX",25
"ORLANDO , FL",25
"BOYNTON BEACH , FL",25
"MERCER ISLAND, WA",25
"UNIVERSAL CITY, CA",25
"BERKELEY, MO 63134, MO",25
"DEERFIELD BEACH, FL",25
"SAN MARINO, CA",25
"WINTER GARDEN, FL",25
"GAINESVILLE, GA",25
"HUDSON, OH",25
"JEFFERSONVILLE, IN",25
"MIAMI GARDENS, FL",25
"MCKINNEY, TX",25
"HILLIARD, OH",25
"SUFFOLK, VA",25
"MAUMEE, OH",25
"GROVE CITY , OH",25
"DAVIS, CA",25
"WASHINGTON, DI",24
"SPRING ARBOR, MI",24
"SOUTH AMBOY, NJ",24
"SOUTH SAN FRANCISCO, CA",24
"MIDVALE, UT",24
"BOARDMAN, OH",24
"BELMONT, CA",24
"RIDGEWOOD, NJ",24
"NEW BERLIN, WI",24
"ODON, IN",24
"GRAND RAPIDS , MI",24
"MT PLEASANT, SC",24
"FRANKLIN, WI",24
"CLARK, NJ",24
"HERMOSA BEACH, CA",24
"CONROE, TX",24
"BEVERLY HILLS, CA",24
"93401, CA",24
"BLUFFTON, SC",23
"SUSSEX, WI",23
"EMERYVILLE, CA",23
"TONAWANDA, NY",23
"RALEIGH NC 27601, NC",23
"BRECKENRIDGE HILLS, MO",23
"PHILADELPHIA , PA",23
"PALM DESERT, CA",23
"ROSEMONT, IL",23
"CEDAR RAPIDS , IA",23
"SUNNVYALE , CA",23
"TARRYTOWN, NY",23
"CHARLOTTE, NO",23
"TORONTO, ON",23
"ST PETERS, MO",23
"CORVALLIS, OR",23
"VOORHEES, NJ",23
"ALAMEDA, CA",23
"SAN RAFAEL, CA",23
"FORT COLLINS, CO, CO",22
"HUNTSVILLE , AL",22
"ONTARIO, CA",22
"DANA POINT, CA",22
"BETTENDORF, IA",22
"IOWA CITY , IA",22
"AMHERST, NY",22
"SANTA CLARA, CA",22
"LINTHICUM, MD",22
"BALLWIN, MO",22
"SLC, UT",21
"NEWPORT NEWS, VA",21
"GARDEN GROVE, CA",21
"BEAVERCREEK, OH",21
"WILLOUGHBY, OH",21
"NORTHPORT, NY",21
"CONCORD, CA",21
"SNELLVILLE, GA",21
"PLAYA, CA",21
"SUNRISE, FL",21
"LAWRENCEVILLE, NJ",21
"TAMPA BAY, FL",21
"OSPREY, FL",21
"REDWOOD SHORES, CA",21
"MARGATE, FL, FL",21
"GLENDALE, OH",20
"BROOKLYN, NE",20
"MANCHESTER, MO",20
"MOUNTAIN VIEW,, CA",20
"CORAL SPRINGS, FL",20
"COEUR D'ALENE, ID",20
"KANSAS CITY, KS",20
"BRENTWOOD, CA",20
"10011, NY",20
"SOUTHAMPTON, NY",20
"AUBURN, WA",20
"AMBLER, PA",20
"PACIFIC GROVE, CA",20
"COLUMBUS, GA",20
"SANTA MARIA, CA",20
"ATLANTA, 30340, GA",20
"ATLANTA , GA",20
"THOUSAND OAKS, CA",20
"SAN DIEGO 92121, CA",20
"UTICA, MI",20
"BEDFORD, TX",20
"NEENAH, WI",20
"COLUMBUS , GA",20
"WOODINVILLE, WA",20
"28273 , NC",20
"ELK GROVE VILLAGE, IL",19
"MAPLEWOOD, MO",19
"MISSION VALLEY, CA",19
"FOUNTAIN VALLEY, CA",19
"LA PUENTE, CA",19
"ELMONT, NY",19
"ANTIOCH, CA",19
"PORTAGE, MI",19
"SANFORD, FL",19
"GARFIELD HEIGHTS, OH",19
"WAYNE, PA",19
"MONROVIA, CA",19
"ANDOVER, KS",19
"HAMDEN, CT",19
"CHEEKTOWAGA, NY",19
"LANSDALE, PA",19
"PFLUGERVILLE, TX",19
"REDONDO BEACH, CA",19
"ONLINE, NY",19
"ISSAQUAH, WA",19
"ARDEN HILLS, MN",19
"WARREN, MI",19
"PASADENA, CA",19
"HOLYOKE, MA",19
"MIDLOTHIAN, VA",18
"ARLINGTON, AL",18
"LAKE SUCCESS, NY",18
"OREGONIA, OH",18
"EAGLEVILLE, PA",18
"LANSING CHARTER TOWNSHIP, MI",18
"KENT, WA",18
"SAN DIEGO, AL",18
"APTOS, CA",18
"COLLEGE STATION, TX",18
"CALEDONIA, MI",18
"ST. LOUIS , MO",18
"SAINT LOUIS, 63108, MO",18
"ARCTIC VILLAGE, AK",17
"BROOKLYN , NY",17
"FREMONT 94538, CA",17
"LSJFLKDSJ, TX",17
"CA, CA",17
"DETROIT, MI",17
"CAMBRIDGE , MA",17
"SAN DIEGO 92128, CA",17
"ZIONSVILLE, IN",17
"PARMA, OH",17
"LA MESA, CA",17
"OCALA, FL",17
"EAST BRUNSWICK, NJ",17
"CATONSVILLE, MD",17
"SOUTH PASADENA, CA",17
"NOBLE SCIENCE WING, ROOM 204, OK",17
"EWING TOWNSHIP, NJ",17
"PHILADELPHIA, PE",17
"PALM HARBOR, FL",17
"PISCATAWAY, NJ",17
"KANSAS CITY, MI",17
"TYLER, TX",17
"SPRINGFIELD, OH",17
"NIWOT, CO",17
"LOS ANGELES, CA",16
"MONTROSE, CA",16
"JAMESTOWN, RI",16
"INDEPENDENCE, MO",16
"LEWISVILLE, TX",16
"MADISON HEIGHTS, MI",16
"FLUSHING, NY",16
"BIRMINGHAM , MI",16
"PACIFIC BEACH, CA",16
"RIO RANCHO, NM",16
"SEATTE, WA",16
"NEWINGTON, CT",16
"HOUSTON , TX",16
"NORTH PALM BEACH, FL",16
"RICHMOND, BC",16
"EULESS, TX",16
"DENVERFT. COLLINS, CO",16
"WAKEFIELD, RI",16
"VOOHEES, NJ",16
"MANCHESTER, CT",16
"HOPKINS, MN",16
"SAN DIMAS, CA",16
"ONLINE, NC",16
"COEUR D ALENE, ID",16
"COVINGTON, KE",15
"ANY CITY, GA",15
"HOLMDEL, NJ",15
"ROCKFORD, IL",15
"RALEIGH, NO",15
"ODESSA, FL",15
"DES PERES, MO",15
"ROOM 202 (SECOND FLOOR), ID",15
"BETHEL PARK, PA",15
"BENTONVILLE, AR",15
"SAN JOSE , CA",15
"SUNNYVALLE, CA",15
"DURHAM, 27701, NC",15
"ROCHESTER, MN",15
"JAMESTOWN, NC",15
"EAGLE, ID",14
"FARMINGTON, CT",14
"AKRON , OH",14
"MT. PLEASANT, SC",14
"MARIETTA, GA",14
"CAMBRIDGE  02142, MA",14
"DURHAM , NC",14
"SAN MARCOS, TX",14
"JACKSON COUNTY, MI",14
"ARVADA, CO",14
"MEMPHIS , TN",14
"BROOKLINE, MA",14
"55105, MN",14
"HEATHROW, FL",14
"NORFOLK, VI",14
"MONTGOMERY, OH",14
"PALM BEACH, FL",14
"KANSAS CITY , MO",14
"ASBURY PARK, NJ",14
"LAUREL, MD",14
"OVIEDO, FL",14
"ALLSTON, MA",14
"PLYMOUTH, MI",14
"SHAWNEE, KS",14
"WILMINGTON , DE",14
"MOLINE, IL",14
"SAN LEANDRO, CA",14
"SECAUCUS, NJ",14
"IRVINE, CA 92614 , CA",14
"DEARBORN, MI",14
"BEXLEY, OH",14
"SPOKANE VALLEY, WA",14
"CORNELIUS, NC",14
"SAVANNAH , GA",14
"CUMMING, GA",13
"WARRINGTON, PA",13
"NORTHVILLE, MI",13
"TARENTUM, PA",13
"BEACHWOOD, OH",13
"HAWTHORNE, CA",13
"ROCKY RIVER, OH",13
"ANKENY, IA",13
"EL DORADO HILLS, CA",13
"YOUR TOWN, NJ",13
"ORANGE PARK, FL",13
"MIDDLETON, WI",13
"THE COLONY, TX",13
"VACAVILLE, CA",13
"PONTIAC, MI",13
"QUEENS COUNTY, NY",13
"BETHPAGE, NY",13
"AUSTIN, 78704, TX",13
"BELLEVUE , WA",13
"CHAGRIN FALLS, OH",13
"27601, NC",13
"STAMFORD , CT",13
"CUYAHOGA FALLS , OH",13
"WASHINGTON, DC, DC",13
"MERRITT ISLAND, FL",13
"RIVERTON, UT",13
"PEACHTREE CORNERS, GA",13
"ONLINE, MA",13
"SCRANTON, PA",13
"COLORADO SPRINGS , CO",13
"WARMINSTER, PA",13
"OAKBROOK, IL",13
"LAGUNA WOODS, CA 92653, CA",13
"94103, CA",13
"33314, FL",13
"BROOKLYN CENTER, MN",13
"84111, UT",12
"MILWAUKEE 53204, WI",12
"HAMILTON , ON",12
"NY 10019, NY",12
"EAST HARTFORD, CT",12
"LOS ALAMOS, NM",12
"BLOOMINGTON, IL",12
"OAKDALE, PA",12
"EAST PALO ALTO, CA",12
"ARLINGTON, VA, VA",12
"THORNTON, CO",12
"CHANTILLY, VA",12
"HUNTERSVILLE, NC",12
"SHENANDOAH, TX",12
"COLORADO  SPRINGS, CO",12
"MA 02116, MA",12
"BEDFORD, NH",12
"CORAL GABLES, FL",12
"TAYLORSVILLE, UT",12
"MERCED, CA",12
"2ND FLOOR , NY",12
"LAWTON, OK",12
"SPRINGBORO, OH",12
"MEMPHIS, TE",12
"CUYAHOGA FALLS, OH",12
"FARMINGTON, UT",12
"LOS ANGELES, CA, CA",12
"BRECKENRIDGE, CO",12
"MONTCLAIR, NJ",12
"WAYZATA, MN",12
"SAMMAMISH, WA",12
"NEW PORT RICHEY, FL",11
"SUITE 121, AZ",11
"SAN CARLOS, CA",11
"ENCINO, CA",11
"MEDFORD, MA",11
"HORN LAKE, MS",11
"LEXINGTON, MA",11
"SAINT ANN, MO",11
"SOUTH EUCLID, OH",11
"STAFFORD, TE",11
"JOHNSTON, IA",11
"ONLINE, DC",11
"PLEASANT HILL, CA",11
"INDEPENDENCE, OR",11
"REDWOOD CITY, CA",11
"OAK RIDGE, TN",11
"NORFOLK , VA",11
"FRESNO ZIP 93710, CA",11
"GRAFTON, WI",11
"SIOUX FALLS, SD",11
"LINCOLN, MA",11
"DEARBORN HEIGHTS, MI",11
"FREDERICKSBURG, VA",11
"LAS VEGAS, CA",11
"LAWRENCE TOWNSHIP, NJ",11
"NASHVILLE , TN",11
"ATLANTA 30328, GA",11
"SUMMERVILLE, SC",11
"94043, CA",11
"PITTSBURGH , PA",11
"LEE'S SUMMIT, MO",11
"PLYMOUTH MEETING, PA",11
"ALABAMA, AL",11
"NAPLES, FL",11
"GOLDEN, CO",11
"GEORGETOWN, TX",11
"EXTON, PA",11
"TUCSON, AR",11
"HOFFMAN ESTATES, IL",11
"ALTADENA, CA",11
"ALPHARETTA, GE",11
"LAKE ST. LOUIS, MO",11
"YOUR CITY, MI",11
"STAFFORD, TX",11
"SAN FRANCISCO/OAKLAND OR YOUR HO, CA",10
"10003, NY",10
"LOS ANGELES, 90045, CA",10
"HIGHLANDS RANCH, CO",10
"WALNUT, CA",10
"GROVE CITY, OH",10
"ONLINE, SC",10
"WYOMING, MI",10
"70130, LA",10
"GARDENA, CA",10
"FREMONT, WA",10
"NORTH CAROLINA, NC",10
"110 E. HOUSTON ST., SAN ANTONIO, TX",10
"WOBURN, MA",10
"ST LOUIS, MI",10
"CAMBRIDGE,, MA",10
"BEND, OREGON 97701, OR",10
"MINNEAPOLIS , MN",10
"LAFAYETTE, CA",10
"ST. CHARLES, MO",10
"SUITE 002, KY",10
"CEDAR FALLS, IA",10
"WOODBURY, MN",10
"SAN FRANCISCO, CA 94103, CA",10
"BAY SHORE, NY",10
"LOUISVILLE, KE",10
"PONTIAC , MI",10
"NEW YORK, NY",10
"LEESBURG, VA",10
"DURHAM, NO",10
"MONROE, LA",10
"NEW ALBANY, IN",10
"EVENT, CA",10
"LIVERPOOL, NY",10
"BOTHELL, WA",10
"SUITE 1010, PA",10
"WESTON, MA",10
"JUNO BEACH, FL",10
"BASKING RIDGE, NJ",10
"CAMBRIDGE, MA, MA",10
"OLIVETTE, MO",10
"INTERNET, NC",10
"LAFAYETTE, LA",10
"SUNNYVALE , CA",10
"NORTH MIAMI, FL",10
"CALABASAS, CA",10
"WATCH ONLINE, NC",10
"SELMA, NC",10
"ST CHARLES, MO",10
"WILSON, NC",10
"TEXT  706-255-5897 , GA",9
"SONORA , CA",9
"NORTH FORT MYERS, FL",9
"ERLANGER, KY",9
"VIRTUAL, NY",9
"NORCO, CA",9
"ONLINE, GA",9
"WESTWOOD, CA",9
"SAN DIEGO, CA , CA",9
"SOUTHLAKE , TX",9
"CLAREMONT, CA",9
"SAN PEDRO, CA",9
"JOHNS ISLAND, SC",9
"BELLAIRE, TX",9
"ONLINE, WA",9
"COLORADO, CO",9
"MOUNT LAUREL, NJ",9
"PRINCETON, NJ 08544, NJ",9
"ONLINE, PA",9
"TAMARAC, FL",9
"CHESAPEAKE, VA",9
"SAN FRANSICO, CA",9
"BELLINGHAM, WA",9
"WILLIAMSVILLE, NY",9
"ITASCA, IL",9
"LITTLE ELM, TX",9
"FLORIDA, FL",9
"HAMILTON, NJ",9
"MINNEAPOLIS, AL",9
"ROCK ISLAND, IL",9
"MORRISON, CO",9
"CARSON, CA",9
"HURST, TX",9
"ONLINE, AZ",9
"DAYTONA BEACH, FL",9
"ONLINE, IL",9
"LAKE BUENA VISTA, FL",9
"WOODSIDE, CA",9
"DOWNTOWN LOS ANGELES, CA",9
"ALLEN, TX",9
"CLARKSTON, MI",9
"OCEANSIDE, CA",9
"MAPLEWOOD, NJ",9
"DALY CITY, CA",9
"WINTER PARK , FL",9
"NATIONAL HARBOR, MD",9
"SAN GABRIEL, CA",9
"HALLANDALE, FL",9
"IN, IN",9
"EAST GREENWICH, RI",8
"ENOLA, PA",8
"ALPINE, NJ",8
"MARGATE, FL",8
"MELROSE, MA",8
"MILPITAS 95035, CA",8
"OCEANPORT , NJ",8
"94107, CA",8
"MORROW, GA",8
"ANAHEIM , CA",8
"ALBURTIS, PA",8
"TAMPA , FL",8
"AMES, IO",8
"LEAWOOD , KS",8
"FAIRFIELD, CT",8
"MISHAWAKA, IN",8
"GOODLETTSVILLE, TN",8
"OLD WESTBURY, NY",8
"10010, NY",8
"SAND CITY, CA",8
"NEWBERRY, FL",8
"ADDISON , TX",8
"TYRONE, GA",8
"ELYRIA, OH",8
"LONG BEACH, AL",8
"10004, NY",8
"FLOWOOD, MS",8
"WASHINGTON, D.C., DC",8
"NORTH OLMSTED, OH",8
"RIVER FOREST, IL",8
"ELLISVILLE, MO",8
"AVONDALE, AZ",8
"AVON, CT",8
"NEW YORK, NY, NY",8
"UNIVERSITY CITY, MO",8
"JUSTIN, , TX",8
"RIVERSIDE, CT",8
"SOLON, OH",8
"FONTANA, AL",8
"PLEASANTO, CA",8
"VALLEY VIEW, OH",8
"ST ANN, MO",8
"TOWSON, MD",8
"WINDSOR, CO",8
"CULVER CITY, CA",8
"SUITE #1010, TX",8
"BIRMINGHAM, MI",8
"FLEMING ISLAND, FL",8
"TEMPLE CITY, CA",8
"UNIVERSITY PARK, FL",8
"HOUTON, TX",8
"HALLANDALE BEACH, FL",8
"CORAOPOLIS , PA",8
"CALIFRONIA, CA",8
"WATER MILL, NY",8
"WASHINGTON, WA",8
"WATERBURY, CT",8
"MID-CAMBRIDGE, MA",8
"AIKEN, SC",8
"EDMONDS, WA",8
"PLEASANT RIDGE, MI",8
"DETROIT , MI",8
"60208, IL",7
"HOUSTONTHE WOODLANDS, TX",7
"RICHFIELD, MN",7
"NEW PHILADELPHIA, OH",7
"MAYVILLE, WI",7
"VIRTUAL, DC",7
"USAF ACADEMY, CO",7
"DALLAS , TX",7
"ROCKLAND, MA",7
"90232, CA",7
"90401, CA",7
"ST.LOUIS PARK, MN",7
"LARGO, MD",7
"WASHINGTON, DC 20001, DC",7
"MACUNGIE, PA",7
"CENTERVILLE, OH",7
"SEVERN, MD",7
"BROOKLYN PARK, MN",7
"N. CHARLESTON, SC",7
"GRAND PRARIE 75050, TX",7
"PHENIX CITY, AL",7
"REDLANDS , CA",7
"PHX, AZ",7
"DORR, MI",7
"SALT LAKE CITY , UT",7
"CANONSBURG, PA",7
"MANDEVILLE, LA",7
"HOUSTON, TE",7
"AUSIN, TX",7
"LAKE FOREST, CA, CA",7
"NATICK, MA",7
"SPRINGFIELD, MA",7
"FOREST HILLS, NY",7
"NEEDHAM, MA",7
"FORT WASHINGTON, PA",7
"SYLVANIA, OH",7
"SIGNAL HILL, CA",7
"MENOMONEE FALLS, WI",7
"FRIDLEY, MN",7
"TRENTON, NJ",7
"PISCATAWAY TOWNSHIP, NJ",7
"BRANFORD, CT",7
"WEST COVINA, CA",7
"LAKE GROVE, NY",7
"ATASCADERO, CA",7
"RACINE, WI",7
"SPARKS, NV",7
"SAN MATEO, CA",7
"CORAOPOLIS, PA",7
"STERLING HEIGHTS, MI",7
"PALM BEACH GDNS, FL",7
"BARTO, PA",7
"FAIR LAWN, NJ",7
"ROANOKE , TX",7
"YONKERS, NY",7
"BEREA, OH",7
"5TH FLOOR, NY",7
"ELON, NC",7
"19103, PA",7
"SHREVEPORT, LA",7
"STORRS, CT",7
"SMYRNA, TN",7
"48TH FLOOR, NY",7
"FARGO, ND",6
"COTTONWOOD HEIGHTS, UT",6
"BROOKFIELD, WI",6
"ROY, UT",6
"TBD, MA",6
"LAS CRUCES, NM",6
"LYNCHBURG, VA",6
"DURHAM, CT",6
"PLEASANT GROVE, UT",6
"HAMPTON ROADS, VA",6
"NEWCASTLE, WA",6
"RICHMOND, CA",6
"TAMPA BAY AREA, FL",6
"TARPON SPRINGS, FL",6
"RIPON, CA",6
"DIAMOND BAR, CA",6
"DULUTH , GA",6
"LUTZ, FL",6
"PLACENTIA, CA",6
"PITTSBURG, CA",6
"FORT MONROE, VA",6
"FOOTHILL RANCH, CA",6
"SANTA MONICA, 90401, CA",6
"DOWNTOWN IN EAST VILLAGE, PARK B, CA",6
"90046, CA",6
"10019, NY",6
"WISCONSIN DELLS, WI",6
"CATHEDRAL CITY, CA",6
"10031, NY",6
"MOUNTAIN VIEW , CA",6
"27TH FLOOR, OR",6
"ATLANTA, AL",6
"BELLFLOWER, CA",6
"EUCLID, OH",6
"YOUR LOCATION, PA",6
"FRANKFORT, KY",6
"ELK RAPIDS, MI",6
"92103, CA",6
"TBD, WI",6
"HALETHORPE, MD",6
"MARTINEZ, CA",6
"WEST LOS ANGELES, CA",6
"ORANGE, OH",6
"MARINA DEL REY , CA",6
"WEST PALM BEACH, FL",6
"SAN FRANCISCO, CA, AL",6
"LODI, CA",6
"WESTCHASE, FL",6
"IRVINE, CA",6
"MYRTLE BEACH, SC",6
"MIDDLETOWN, CT",6
"LAGUNA NIGUEL, CA",6
"SMITHTOWN, NY",6
"DEDHAM, MA",6
"SPRINGDALE, AR",6
"COSTA MESA, CA 92626 , CA",6
"PAOLI, PA",6
"SADDLE BROOK, NJ",6
"NEW YORK CITY , NY",6
"GRANDVIEW HEIGHTS, OH",6
"SIMSBURY, CT",6
"LAKE OSWEGO, OR",6
"NEW YORK, , NY",6
"PITTSBURGH 15206, PA",6
"STRAFFORD, PA",6
"EUGENE., OR",6
"266 STATE ST, NEW HAVEN, CT, 065, CT",6
"MT. JULIET, TN",6
"METRO PARK 101,  ISELIN, NJ 0883, NJ",6
"WEST VALLEY CITY, UT",6
"MALIBU, CA",6
"WILKES BARRE, PA",6
"BRIDGEPORT, CT",6
"91103, CA",6
"WETHERSFIELD, CT",6
"FORT LAUDERDALE, FL 33309, FL",6
"ROCKAWAY, NJ",6
"BOWLING GREEN, OH",6
"GLEN ELLYN, IL",6
"STRONGSVILLE, OH",6
"HIGHLAND HEIGHTS, KY",6
"OYSTER BAY, NY",6
"LADUE, MO",6
"LARAMIE, WY",6
"VANCOUVER, QC",6
"RONKONKOMA, NY",6
"SAMMAMISH , WA",6
"SOUTH BEACH, FL",6
"POMPANO BEACH, FL",6
"RALEIGH,, NC",6
"LOS ALTOS HILLS, CA",6
"JENISON, MI",6
"LYNDHURST, OH",6
"MALDEN, MA",6
"SANTA MONICA, AL",6
"MENLO PARK , CA",6
"FORT WASHINGTON, MD",6
"WAXAHACHIE, TX",6
"10018, NY",6
"SOUTH DEERFIELD, MA",6
"TEXAS, TX",6
"LA MIRADA, CA",6
"AUBURN HILLS, MI",6
"RIVERCHASE , AL",6
"UNITED STATES, IN",5
"80634, CO",5
"SAN JOSE, CA 95112, CA",5
"SHREWSBURY, MA",5
"LEWIS CENTER, OH",5
"SAN BERNARDINO, CA",5
"SOMERVILLE, NJ",5
"CANOGA PARK, CA",5
"WEB, VA",5
"ANNAPOLIS JUNCTION, MD",5
"LAKE WORTH, FL",5
"IRVINE, AL",5
"COVINA, CA",5
"WASHINGTON, PA",5
"HAUPPAUGE, NY",5
"O'FALLON, MO",5
"WILTON MANORS, FL",5
"METAIRIE, LA",5
"BURNABY, BC",5
"SOUTHINGTON, CT",5
"SOUTH LAKE TAHOE, CA",5
"PRINCETON, NE",5
"FLAGSTAFF, AZ",5
"MIDDLETOWN, MD",5
"LAKEWOOD, WA",5
"SANTA CLAR, CA",5
"CO, CO",5
"MCCLELLAN PARK, CA",5
"KIRKWOOD, MO",5
"VIRGINIA, VA",5
"TRIANGLE, VA",5
"ELKHORN, NE",5
"YBOR CITY, FL",5
"BOSSIER CITY, LA",5
"CONWAY, AR",5
"ONLINE, UT",5
"EVANS, GA",5
"92116, CA",5
"WEST CHESTER, PA",5
"PACOIMA, CA",5
"RIDGELAND, MS",5
"FLORENCE, MA",5
"NEW BRAUNFELS, TX",5
"RIVIERA BEACH, FL",5
"CARPINTERIA , CA",5
"BRUNSWICK, OH",5
"PLANT CITY, FL",5
"54912, WI",5
"WINTER PARK, CO",5
"10017, NY",5
"FORT LAUDERDALE , FL",5
"MAYFIELD, OH",5
"MONONA, WI",5
"UNIONTOWN, OH",5
"ST. AUGUSTINE, FL",5
"CHESTNUT HILL, MA",5
"TAMPA, 33629, FL",5
"23220, VA",5
"NORTH LAS VEGAS, NV",5
"CHANDLER , AZ",5
"ZEELAND, MI",5
"NORTH BRUNSWICK TOWNSHIP, NJ",5
"ST. PETE, FL",5
"MURFREESBORO, TN",5
"10022, NY",5
"PALO ALTO, CA",5
"NORTH CHARLESTON , SC",5
"ROCKY HILL, CT",5
"COSTA MESA , CA",5
"UTICA, NY",5
"ANYWHERE, MA",5
"FAYETTEVILLE, NY",5
"SAN FRANCISCO, AL",5
"LEMON GROVE, CA",5
"DEERFIELD, IL",5
"DALLAS, TE",5
"NEW HYDE PARK, NY",5
"PARK RIDGE, IL",5
"NORTON, OH",5
"COALINGA, CA",5
"SUNNYVALE, CA",5
"LAS VEGAS, NE",5
"FORT BRAGG, CA",5
"LEXINGTON, SC",5
"BERKELEY, MO",5
"97201, OR",5
"AUGUSTA , GA",5
"SUITE 255, MN",5
"90405, CA",5
"FAIRVIEW, TX",5
"MN, MN",5
"BLOOMFIELD, NJ",5
"PATCHOGUE, NY",5
"94104, CA",5
"FERGUSON, MO",5
"HALLENDALE, FL",5
"MINEOLA, NY",5
"SAN JUAN CAPISTRANO, CA",5
"ROCHESTER , NY",5
"MOORE, OK",5
"LINCOLNSHIRE, IL",5
"DURH, NC",5
"LAS VEGAS , NV",5
"KELLER, TX",5
"BALA CYNWYD, PA",5
"BUFORD, GA",5
"WASHINGTON, DC",5
"FENTON, MO",5
"TEMPE, AR",5
"., CT",5
"KENMORE, NY",5
"LOS ANGELES 90013, CA",5
"NORWOOD, MA",5
"20009, DC",5
"MOUNTAIN BROOK, AL",5
"SALT LAKE, UT",5
"DUARTE, CA",5
"94089, CA",5
"UNIT # 5B, CO",5
"TOMBALL, TX",5
"SALEM, MA",5
"WORLWIDE, CA",5
"RICHMOND HEIGHTS, MO",5
"ATLANTA  , GA",4
"BELVIDERE, IL",4
"VENICE, FL",4
"DEXTER, MI",4
"95054, CA",4
"BEACHWOOD , OH",4
"FAIRFIELD, OH",4
"BLOOMINGTON, MN 55431, MN",4
"WARWICK, RI",4
"PLANET EARTH, NC",4
"WARRENSVILLE HEIGHTS, OH",4
"SANTA MONICA   , CA",4
"ST CATHARINES, ON",4
"CLAYTON, CA",4
"SAN FRANCISCO, CA 94115, CA",4
"MANHATTAN, KS",4
"NAPA, CA",4
"MOON, PA",4
"BUILDING PG-6, FL",4
"MUNROE FALLS, OH",4
"02/08/2017, VA",4
"GERMANTOWN, MD",4
"PANORAMA CITY, CA",4
"OXON HILL, MD",4
"CHEYENNE, WY",4
"VADNAIS HEIGHTS, MN",4
"ALEXANDRIA , VA",4
"BETWEEN 6TH & 7TH AVENUES, NYC 1, NY",4
"RANCHO SANTA MARGARITA, CA",4
"HUNTINGTON STATION, NY",4
"YORBA LINDA, CA",4
"SOUTH ST. PAUL, MN",4
"GERMANTOWN, TN",4
"N.Y.C., NY",4
"FREMONT, NE",4
"NEW JERSEY, NJ",4
"WOODBRIDGE, VA",4
"EVERYWHERE, NY",4
"RIALTO, CA",4
"PORTER RANCH, CA",4
"CO, NY",4
"MIAMI, BEACH, FL",4
"GREEN TOWNSHIP, NJ",4
"OLYMPIA , WA",4
"ST. LOUIS, MI",4
"TWINSBURG, OH",4
"HADDON TOWNSHIP, NJ",4
"ORANGE COUNTY, CA",4
"TARPON SPRINGS, AL",4
"HADLEY , MA",4
"ST LOUIS PARK , MN",4
"CORPUS CHRISTI, TX",4
"GAFFNEY, SC",4
"COCOA BEACH, FL",4
"LOMBARD, IL",4
"WISCONSIN, WI",4
"YBOR, FL",4
"YOUR CITY, OH",4
"PLAYA VISTA , CA",4
"SANTA CLARA, AB",4
"DOWNINGTOWN, PA",4
"NY 10012, NY",4
"WASHINGTON DC, WA",4
"HOMESTEAD, PA",4
"JAMESTOWN, CA",4
"BRYAN, TX",4
"CRANBERRY TOWNSHIP , PA",4
"WARRENTON, VA",4
"NEW YORK, AL",4
"LAUREL , MD",4
"PENNSAUKEN TOWNSHIP, NJ",4
"EL SEGUNDO, CA",4
"WEST DES MOINES, IA",4
"WEYMOUTH, MA",4
"POLAND, OH",4
"NORTH CANTON, OH",4
"CARTY, NC",4
"CORONA, NY",4
"SPOKANE , WA",4
"ELKHART, IN",4
"DARIEN, CT, CT",4
"KAUKAUNA, WI",4
"PORTSMOUTH, VA",4
"PLANTSVILLE, CT",4
"HUNTINGBURG, IN",4
"HIALEAH, FL",4
"ST MATTHEWS, KY",4
"10036, NY",4
"GOODYEAR, AZ",4
"NORMAL HEIGHTS, CA",4
"WESTWOOD, NJ",4
"ABINGTON, MA",4
"COMPTON, CA",4
"FAIRLAWN, OH",4
"OAKLAND , CA",4
"CARY , NC",4
"VANCOUVER, CANADA, AB",4
"PHIADELPHIA, PA",4
"TYBEE ISLAND, GA",4
"COMSTOCK PARK, MI",4
"STE H800, CA",4
"HYATTSVILLE, MD",4
"63110, MO",4
"ROCHESTER HILLS, MI",4
"ORANGE COUNTY, CA, CA",4
"VALLEY PARK, MO",4
"JOHNS CREEK, GA",4
"FRISCO, TE",4
"DARIEN, CT",4
"CROCKETT, CA",4
"EL PASO , TX",4
"ROCHELLE PARK, NJ",4
"CAPE CORAL, FL",4
"RICHMOND, KY",4
"EVERGREEN PARK, IL",4
"AUSTIN, TX 78758, TX",4
"UPPER MONTCLAIR, NJ",4
"FAIRBANKS, AK",4
"SOUTH LAS VEGAS, NV",4
"ERIE, CO",4
"OAKLAND GARDENS, NY",4
"WELLESLEY, MA",4
"QUEENS, NE",4
"GLEN ALLEN , VA",4
"LAFAYETTE, NJ",4
"LAVISTA, NE",4
"HOLLY SPRINGS, NC",4
"EATONVILLE, FL",4
"ST. LOUIS PARK, MN",4
"WEXFORD, PA",4
"WESTPORT, CT",4
"MANHATTAN, NE",4
"20052, DC",4
"MESA, AZ 85204, AZ",4
"SEMINOLE, FL",4
"VERONA, WI",4
"BAYVIEW, WI",4
"CASTLE ROCK, CO",4
"IRVINE 92697-3425, CA",4
"COCONUT CREEK, FL",4
"CITRUS HEIGHTS, CA",4
"MANASSAS, VA",4
"10007, NY",4
"LOS ANGELES, CA 90013, CA",4
"EL SEGUNDO 90245, CA",4
"MEDIA, PA",4
"BALTIMORE , MD",4
"ALL TOWNS, UT",4
"NARBERTH, PA",4
"PUYALLUP, WA",4
"YUMA, AZ",4
"CALIFORNIA, MD",4
"ANNANDALE, VA",4
"LOS ALAMITOS, CA",4
"FAIRFAX STATION, VA",4
"ONLINE SESSION, CA",4
"SUGAR HILL, GA",4
"BRONX, NE",4
"NEWBURYPORT, MA",4
"BABYLON, NY",4
"ADDISON TEXAS, TX",4
"GARDEN CITY, NY",4
"BRIDGEWATER TOWNSHIP, NJ",4
"BRIDGEVILLE, PA",4
"PLYMOUTH , MI",4
"JONESBORO, GA",4
"WALLINGFORD, CT",4
"LOS ANGELES, CA 90012-1797, CA",4
"FORT WORT, TX",4
"CAMBRIDGE, MA 02141, MA",4
"SYOSSET, NY",4
"4TH FLOOR, NY",4
"TYSON'S CORNER , VA",4
"WEST PALM BEACHPALM BEACH GARDEN, FL",4
"LAUDERDALE BY THE SEA, FL",4
"PALO  ALTO, CA",4
"CAPE CANAVERAL, FL",4
"78758, TX",4
"94105, CA",4
"GRIMES, IA",4
"FORT THOMAS, OH",4
"BRIGHTON, MA",4
"WESTWOOD, MA",4
"LAGUNA BEACH, CA",4
"HIGH POINT, NC",4
"COSTA MESA, , CA",3
"OAKBROOK TERRACE, IL",3
"23RD FLOOR, NY",3
"REDONDO BEACH, 90278, CA",3
"WORLDWIDE, CA",3
"SATELLITE BEACH, FL",3
"MARLBOROUGH, MA",3
"HAYMARKET, VA",3
"CENTURY CITY, CA",3
"RIVERVIEW, FL",3
"SARASOTA , FL",3
"OAK BROOK TERRACE, IL",3
"THE PLAINS, VA",3
"GRANADA HILLS, CA",3
"BOLINGBROOK, IL",3
"WEST POINT, KY",3
"BOSTON 02110, MA",3
"SANTA CLARA, , CA",3
"WHEATON, IL",3
"SCOTTSDALE, AZ, AZ",3
"PORTSMOUTH, NH",3
"WEST MELBOURNE, FL",3
"VERNON, CA",3
"NEW MILFORD, CT",3
"EAST ELMHURST, NY",3
"CUPERTINO, CA",3
"SPRINGFIELD, IL",3
"GRAHAM, NC",3
"HUTTO, TX",3
"80920, CO",3
"VERNON HILLS, IL",3
"BELLEUVE, WA",3
"BROOKLYN, NY",3
"FARMINGTON HILLS, MI",3
"84095, UT",3
"MANSFIELD, TX",3
"ADDISON, IL",3
"ARLINGTON , VA",3
"ONLINE MEETUP, CA",3
"BURLINGTON , MA",3
"ANN ARBOR , MI",3
"SHORT HILLS, NJ",3
"MARION, IA",3
"WILTON MANORS 33305, FL",3
"OVERLAND PARK, KA",3
"MENASHA, WI",3
"DENVER 80210, CO",3
"KIRKLAND, WA, WA",3
"LA, CA",3
"ANYWHERE , MA",3
"NEW YORK 10036, NY",3
"ENGLEWOOD, FL",3
"DANIA BEACH, AL",3
"MONTREAL, QC",3
"JUPITER, FL",3
"WILDWOOD, MO",3
"PALMETTO, FL",3
"SEAFORD, NY",3
"MIDDLE RIVER, MD",3
"MILLBRAE, CA",3
"FT. MILL, SC",3
"POCONO MANOR, PA",3
"WWW, CA",3
"LEBANON, IN",3
"3RD FLOOR, DC",3
"APOLLO BEACH, FL",3
"PALO ALTO, AL",3
"UNION CITY, CA",3
"MINNESOTA, MN",3
"NORTH KANSAS CITY, MO",3
"CHICAGO, AL",3
"RICHMOND , VA",3
"EL CERRITO, CA",3
"MOUNTAIN VEW, CA",3
"FOGELSVILL, PA",3
"ATCO, NJ",3
"GREENWOOD, IN",3
"BOSTON, KY",3
"BRENTWOOD, MO",3
"NORMAN, OK",3
"BERWYN, PA",3
"GREELEY , CO",3
"WAUNAKEE, WI",3
"FARMINGTON, MI",3
"90015, CA",3
"WARREN, OH",3
"APOPKA, FL",3
"KANSAS CITY , KS",3
"--, DC",3
"POTOMAC FALLS, VI",3
"OHIO, OH",3
"BANNOCKBURN, IL",3
"TUKWILA, WA",3
"ANYWHERE, PA",3
"DERWOOD, MD",3
"CITY YOU CHOOSE, CO",3
"CROMWELL, CT",3
"FORT-LAUDERDALE-DAVIE, FL",3
"SPARTA, KY",3
"60647, IL",3
"BUCKEYE, AZ",3
"WINTER SPRINGS, FL",3
"ROOM 237, NY",3
"HOPKINTON, MA",3
"NASHUA, NH",3
"LINCOLN , NE",3
"RENTON, WA",3
"IRVINE, CA 92617, CA",3
"CLEVELAND 44113, OH",3
"CEDAR HILL, TX",3
"MADISON, NJ",3
"GLADSTONE, OR",3
"OKLAHOMA CITY, OK, OK",3
"ANDOVER, MA",3
"ANYWHERE USA, NY",3
"ST. PETE BEACH, FL",3
"LILBURN, GA",3
"WASHINGTON`, DC",3
"NEW BRUNSWICK, NE",3
"90025, CA",3
"CLERMONT, KY",3
"CORAM, NY",3
"PUEBLO, CO",3
"CARTERSVILLE, GA",3
"1.857.453.6001 , MA",3
"AVENTURA, FL",3
"LUDLOW, MA",3
"PHOENIX , AZ",3
"ROSENBERG, TX",3
"SAN JOSE, CA",3
"STATEN ISLAND, NY",3
"EDISON, NJ",3
"PETALUMA, CA",3
"ROSSLYN, VA",3
"ELIZABETHTOWN, KY",3
"PALO ALTO , CA",3
"WILLIAMSPORT, MD",3
"FLOOR 10, IL",3
"OVERLAND PARK, AL",3
"OSHKOSH, WI",3
"09/21/2017, WA",3
"PLYMOUTH, MN",3
"SUITE 1070 NORTH, FL",3
"BATAVIA, IL",3
"ORANGEBURG, NY",3
"CHINO HILLS, CA",3
"ISLA VISTA, CA",3
"PHOENIX, AR",3
"77042, TX",3
"NORTH TUSTIN, CA",3
"SUNRISE , FL",3
"TOWN & COUNTRY, MO",3
"ANNAPOLIS, MD",3
"43215, OH",3
"FLOOR 2, NY",3
"BEDFORD, MA",3
"PLAYA VISTA, CA",3
"MONTECITO, CA",3
"WILSONVILLE, OR",3
"BROOKLYN (DUMBO), NY",3
"90039, CA",3
"NEW BRITAIN, PA",3
"PLAYA DEL REY, CA",3
"BERKLEY, MI",3
"ST. LOUIS, 63110, MO",3
"PEORIA , IL",3
"BONITA SPRINGS, FL",3
"BERKELEY, 94704, CA",3
"ARIZONA, AZ",3
"DEERFIELD BEACH 33441, FL",3
"MERCER ISLAND  WA 98040 , WA",3
"WEST BEND, WI",3
"OMAHA , NE",3
"STONE MOUNTAIN, GA",3
"EDGEWATER, CO",3
"PELHAM, AL",3
"WELLINGTON, CO",3
"SPRINGFIELD, VA",3
"LAS VEGAS, NEVADA, NV",3
"ONLINE, OH",3
"DUMBO, BROOKLYN, NY",3
"DANVILLE, VA",3
"EL MONTE, CA",3
"MAPLEWOOD, MN",3
"CYPRESS, CA",3
"COLUBUS, OH",3
"MIAMI, AL",3
"NORTH MIAMI , FL",3
"HUMBLE, TX",3
"CHANDLER 85248, AZ",3
"ZOOM , NJ",3
"BREA, CA",3
"HAWTHORNE, NV",3
"07652, NJ",3
"POMPANO BEACH , FL",3
"CASTRO VALLEY, CA",3
"PENNSYLVANIA, PA",3
"LOS ANGEES, CA",3
"NEW ORLEANS, AL",3
"NORTH KINGSTOWN, RI",3
"ONLINE, NJ",3
"ARNOLD, MD",3
"HULL, MA",3
"WADDELL, AZ",3
"NEWBURGH, IN",3
"RIVERDALE, GA",3
"PEPPER PIKE, OH",3
"MAGNOLIA, TX",3
"ROLLING MEADOWS, IL",3
"SAINT LOUIS PARK, MN",3
"PEORIA, AZ",3
"JACKSONVILLE, AL",3
"BLOOMFIELD HILLS, MI",3
"MIAMI BEACH , FL",3
"SEAGOVILLE, TX",3
"JAMAICA, NY",3
"MORRISSVILLE , NC",3
"HAYDEN, AZ",3
"LAYTONSVILLE, MD",3
"CLIVE, IA",3
"BLAINE, MN",3
"WASHINGTON, D.C., DI",3
"MARINA DEL RAY, CA",3
"RANDOLPH, MA",3
"SURPRISE, AZ",3
"NEWTONVILLE, MA",3
"BERTHOUD, CO",3
"SACREAMENTO, CA",3
"IMPERIAL BEACH, CA",3
"WASHINGTON, MD",3
"MILPITAS , CA",3
"OLD CROW, YT",3
"LONG BEACH , CA",3
"WINCHESTER, MO",3
"80203, CO",3
"BELLEVUE, NE",3
"DUBLIN , OH",3
"MIAMI LAKES, FL",3
"PLANO, TE",3
"SAN FRANCISCO 94105, CA",3
"LYNDHURST, NJ",3
"SOMERS, CT",3
"MAYFIELD VILLAGE, OH",3
"WEST CONSHOHOCKEN, PA",3
"MILBRAE, CA",3
"OTTAWA, ON",3
"TARZANA, CA",3
"HIGHLAND PARK, IL",3
"SUNNY ISLES, FL",3
"CARDIFF, CA",3
"SUMMERLAND, CA",3
"SANTA ANA, CA 92704, CA",3
"ELIZABETH, PA",3
"SANTO, TX",3
"SAUSALITO, CA",3
"HAPEVILLE, GA",3
"WEST ALLIS, WI",3
"BRAINTREE, MA",3
"LA VISTA, NE",3
"ST CLOUD, MN",3
"FLORISSANT, MO",3
"RICHARDSON, TE",3
"NEWPORT BEACH, 92660, CA",2
"YOUR HOME, MA",2
"JENNINGS, MO",2
"NEWARK, NJ 07102-1824, NJ",2
"TUALATIN, OR",2
"MOAPA, NV",2
"AUSTIN 78746, TX",2
"WASHINGTON, DC 20008 , DC",2
"PASADENA , TX",2
"KEARNY, NJ",2
"SCRAMENTO, CA",2
"SANTA FE, NE",2
"DFW, TX",2
"INTERNET, NY",2
"SEATTLE, 98104, WA",2
"TEMPLE TERRACE, FL",2
"THE BRONX, NY",2
"WARSAW, IN",2
"CONYERS, GA",2
"WILLIAMSBURG, VA 23185, VA",2
"NEW YORK, NY 10001, NY",2
"SANTEE, CA",2
"MONSON, MA",2
"SAN FRANCISCO, 94102, CA",2
"HUNTS POINT, NY",2
"MOUNTAIN VIEW, AL",2
"ONLINE, VA",2
"BEAR, DE",2
"DANVERS, MA",2
"NAMPA, ID",2
"LONGMEADOW, MA",2
"ROSELAND, NJ",2
"SPRINGFIELD , MO",2
"WORLD-WIDE, NY",2
"纽约, 纽约",2
"CORTE MADERA, CA",2
"PALATKA, FL",2
"TRIANGLE, NO",2
"ALLSTON , MA",2
"ELDORADO SPRINGS, CO",2
"CORONA DEL MAR, CA",2
"11/20/2015, CA",2
"HYANNIS, MA",2
"LAS VEGAS, NV",2
"AV, FL",2
"ONLINE - VIRTUAL, CO",2
"ASHLAND, MA",2
"SOUTHFIELD , MI",2
"LADERA RANCH, CA",2
"POTOMAC, MD",2
"ENGLEWOOD , CO",2
"CLAWSON 48017, MI",2
"FT LAUDERDALE, 33309, FL",2
"ROANOKE, VA",2
"DOWNEY, CA",2
"TBD, NY",2
"STE 500, TX",2
"NORTH BILLERICA, MA",2
"HEBRON, KY",2
"SOMMERVILLE, MA",2
"WANTAGH, NY",2
"ANAHIEM, CA",2
"OAK GROVE, OR",2
"63130, MO",2
"ELLICOTT CITY, MD",2
"BEDFORD , OH",2
"SANTA MONICA, LOS ANGELES, CA",2
"ALLENTOWN , PA",2
"JAMESVILLE, NY",2
"BROADWAY, NY",2
"LAWTON, MI",2
"HIGHLAND, NY",2
"BIRMINGHAM , AL",2
"CHULA VISTA , CA",2
"PARAMUS, NE",2
"DUVALL, WA",2
"TIBCO, CA",2
"ST. PETE BEACH, FL",2
"28TH FLOOR, CONFERENCE ROOM B, IL",2
"TORONTO, AB",2
"COLUMBUS 43219, OH",2
"MADISNO, WI",2
"ST.PAUL, MN",2
"HILLSBOROUGH, NC",2
"AURORA , CO",2
"ST PETE, FL",2
"CARNEGIE, PA",2
"MALVERN , PA",2
"WOODSTOCK, IL",2
"CENTERVILLE , OH",2
"MIDDLEBURG , OH",2
"20036, DC",2
"SUN VALLEY, CA",2
"BAYONNE, NJ",2
"SOLOMONS, MD",2
"SEBRING, FL",2
"GLASSBORO, NJ",2
"EVERYWHERE, OR",2
"OCONOMOWOC, WI",2
"FLOOR 3, NY",2
"KANEOHE, HI",2
"GLENDALE, CO",2
"BOULDER CITY, NV",2
"ONLINE MEETUP, ID",2
"THE BIG APPLE, NY",2
"PALO ALTO + SAN FRANCISCO, CA",2
"EWING TWP., NJ",2
"CLOVIS, CA",2
"EDEN, UT",2
"VAIL, CO",2
"CANTON, MI",2
"MERRIAM, KS",2
"SEATTLE, OR",2
"VALLEY VILLAGE, CA",2
"STAFFORD, VA",2
"VIRTUAL, GA",2
"DELRAY BEACH , FL",2
"CARLTON, OR",2
"., DC",2
"MONUMENT, CO",2
"VILLANOVA, PA",2
"MADEIRA BEACH, FL",2
"FORT COLLINS, 80525, CO",2
"YOUR COMPUTER, KS",2
"DELAWARE, OH",2
"LOS ANGELES 90007, CA",2
"SANATA CLARA , CA",2
"FALL RIVER, MA",2
"BYRON, CA",2
"PORT JEFFERSON, NY",2
"STILLWATER, OK",2
"TRUCKEE, CA",2
"KENNETT SQUARE, PA",2
"AMELIA ISLAND, FL",2
"WESTLAND, MI",2
"MANTECA, CA",2
"CRANBERRY TOWNSHIP, PA",2
"19TH FLOOR, NY",2
"TAOS, NM",2
"NEWTOWN, PA",2
"ROSWELL , GA",2
"SCHAUMBURG , IL",2
"FAIRFIELD, CA",2
"SUGARLAND, TX",2
"LAKELAND 33803, FL",2
"94116, CA",2
"CANFIELD, OH",2
"KING OF PRUSSIA, PA",2
"WILBRAHAM, MA",2
"HERIMAN , UT",2
"CHESTER, PA",2
"RANCHO BERNARDO, CA",2
"LONG BEACH, NY",2
"BABSON PARK, MA",2
"BUILDING 400, FL",2
"NEWTON CENTRE, MA",2
"FULTON, MD",2
"ARLINGTON 22202, VA",2
"INTERNET, CA",2
"LITTLETON , CO",2
"MIDWAY, UT",2
"FALLS CHURCH , VA",2
"WYLIE, TX",2
"TBD, CA",2
"SAN FRANCISCO 94103, CA",2
"BRISBANE, CA",2
"MECHANICSVILLE, VA",2
"FT WORTH, TX",2
"WESTCHESTER, CA",2
"WINTER PARK, FL, FL",2
"ROOM 2, MO",2
"ATHENS , GA",2
"NV, NV",2
"ATLANTA       30318, GA",2
"DELAFIELD, WI",2
"NORTH AUGUSTA, SC",2
"COLLEGE PARK, GA",2
"CHESTERFIELD, VA",2
"ST. LOUIS, MO 63144, MO",2
"LA CRESCENTA, CA",2
"NORTH LAS VEGAS,, NV",2
"GARWOOD, NJ",2
"BOULDER, 80301, CO",2
"SAN DIEGO, CA, CA",2
"IRMO, SC",2
"ABINGTON, PA",2
"NOVATO, CA",2
"TUSCALOOSA , AL",2
"NORTH ROYALTON, OH",2
"MILWAUKEE, AL",2
"38103, TN",2
"BLACK ROCK CITY, NV",2
"ALPHARETTA, 30009, GA",2
"VISALIA, CA",2
"DECATUR, TX",2
"FT LAUDERDALE , FL",2
"GRAND JUNCTION, CO",2
"MARINA DEL REY, CA",2
"CT, CT",2
"BOISE , ID",2
"MANASSAS, VI",2
"WEST BABYLON, NY",2
"PEORIA HEIGHTS, IL",2
"SALISBURY, MD",2
"ARLINGTON, TN",2
"8TH FLOOR, NY",2
"EL CAJON, CA",2
"JASPER, IN",2
"GAITHERSBURG, DC",2
"(FEDERAL TRIANGLE METRO STOP, DC",2
"SAVAGE, MN",2
"LOS ANGELES, , CA",2
"WARRENDALE, PA",2
"CLARKSVILLE, TN",2
"COLLIERVILLE, TN",2
"TBD, TX",2
"TURLOCK, CA",2
"MISSION VIEJO, AL",2
"TITUSVILLE, FL",2
"WISCONSIN AVENUE , DC",2
"BROOKFIELD, AL",2
"HOLLAND, TX",2
"SANTA CLARA, 95054, CA",2
"TREASURE ISLAND, FL",2
"6TH FLOOR, FL",2
"MINNEAPOLIS 55401 , MN",2
"CARDIFF BY THE SEA, CA",2
"EL SEGUNDO, 90245, CA",2
"VIRTUAL, CA",2
"4TH FLOOR, CA",2
"MARION, OH",2
"ARLINGTON 22202, VA, VA",2
"SAN JOSE, AL",2
"HAMPDEN, MA",2
"JUNEAU, AK",2
"ALPHARETTA, 30009    , GA",2
"RANCHO SANTA FE, CA",2
"MAPLE GROVE, MN",2
"PACIFIC PALISADES, CA",2
"MONTVILLE, CT",2
"EAST PEORIA , IL",2
"SOUTH BOSTON, MA",2
"BENSENVILLE, IL",2
"SAN FRANCISCO,, CA",2
"ELKHORN, 68022, NE",2
"MILAN, IL",2
"MT ST FRANCIS, IN",2
"PENNSAUKEN, NJ",2
"WOODMERE, OH",2
"DADE CITY, FL",2
"WEST HENRIETTA, NY",2
"75 AMHERST ST, CAMBRIDGE, MA. 02, MA",2
"ROCKVILLE, MA",2
"MIDWEST CITY, OK",2
"GRAND RAPIDS CHARTER TOWNSHIP, MI",2
"MADISON, NJ 07940, NJ",2
"BUELLTON, CA",2
"OCEANSIDE, NY",2
"ALL AREAS, OH",2
"DEL CITY, OK",2
"BEVERLY HILLS, CA 90210, CA",2
"HERDON, VA",2
"LOS ANGELES, 90012, CA",2
"PORT ORANGE, FL",2
"***ONLINE ONLY***, WI",2
"SANTA JOSE, CA",2
"AMITYVILLE , NY",2
"DENTON, TX , TX",2
"CAMBRIDE, MA",2
"MILWAUKIE, OR",2
"ALBUQUERQUE , NM",2
"HARRISVILLE, RI",2
"PHILADELPHIA, NJ",2
"LOS ANGELES 90065, CA",2
"BAY VILLAGE, OH",2
"WASHINGTON D.C., DI",2
"SAN MATERO, CA",2
"SAN MATEO , CA",2
"RAMSEY, NJ",2
"SUITE 500, IL",2
"FERRIS, TX",2
"MOUNT JULIET, TN",2
"BELLEVUE  	, WA",2
"ATLANTA,, GA",2
"ROSEMONT , IL",2
"BELLEVUE, KY",2
"NEWBURY PARK, CA",2
"OREGON CITY, OR",2
"MOSS LANDING, CA",2
"WEST CHESTER TOWNSHIP, OH",2
"SAN JUAN CAPISTRANO, CA 92675, CA",2
"NA, OR",2
"NEW YORK , NY",2
"LIVESTREAM, TX",2
"NEW YORK, 10038, NY",2
"RANCHO PALOS VERDES, CA",2
"BURBANK, 91505, CA",2
"FLOOR 12, CA",2
"EVANSTON , IL",2
"O'FALLON , IL",2
"TREMONT, OH",2
"KENOSHA, WI",2
"LOS ANGELES, CA , NY",2
"REDMOND, WA",2
"SUNSET HILLS, MO",2
"BOYDS, MD",2
"BAYSHORE, NY",2
"11201, NY",2
"SARTELL, MN",2
"MUFREESBORO, TN",2
"MANOR, TX",2
"HAMPTON , VA",2
"SOUTH GATE, CA",2
"ELLICOTT CITY , MD",2
"MELVILLE, NY",2
"HOMEWOOD , AL",2
"BRIONES, CA",2
"LANTANA, FL",2
"KAPOLEI, HI",2
"EL SEGUNDO , CA",2
"WESTFIELD, MA",2
"WHEAT RIDGE, CO",2
"RICHMOND 23230, VA",2
"LAND O' LAKES, FL",2
"STURBRIDGE, MA",2
"GRAND FORKS, ND",2
"ROANOKE, TX",2
"RICHFIELD, OH",2
"UNITED STATES, CA",2
"ARLINGTON, DC",2
"ANYWHERESVILLE, CA",2
"WINSTON-SALEM , NC",2
"FEDERAL WAY, WA",2
"ANYWHERE, NY",2
"FOXBOROUGH, MA",2
"MORGANTOWN, WV",2
"WHITEHALL, PA",2
"EDGEWATER, MD",2
"LAKE FOREST PARK, WA",2
"SAN FRANCISCO, AB",2
"BOCA RATON , FL",2
"FALMOUTH, MA",2
"WAUKEGAN, IL",2
"COOPER CITY, FL",2
"STONE RIDGE, VA",2
"ROOM 301, WI",2
"VALLEJO, CA",2
"NEBRASKA, NE",2
"WINDSOR HEIGHTS, IA",2
"N/A, TX",2
"INVER GROVE HEIGHTS, MN",2
"SANDUSKY, OH",2
"BETHESDA , MD",2
"COLLEYVILLE, TX",2
"MOUNT JULIET , TN",2
"IRVING, 75063, TX",2
"BELLEVILLE, IL",2
"90028, CA",2
"BARRINGTON, IL",2
"DUNEDIN, FL, FL",2
"95131, CA",2
"MOUNTAIN VIEW, CA",2
"MOUNT DORA, FL",2
"ROOM 207, NY",2
"PORTLAND, OR 97209, OR",2
"FLOOR 4, NY",2
"PHILADELPHIA, PA 19104, PA",2
"WASHINGTON, 20005, DC",2
"TBA, MA",2
"10169, NY",2
"HOLLYWOOD, MD",2
"ROCK ISLAND , IL",2
"INCLINE VILLAGE, NV",2
"FORT, CO",2
"CORNELIUS, OR",2
"CLEVELAND , OH",2
"NOT HERE, MI",2
"SUN PRAIRIE, WI",2
"MASSACHUSETTS, MA",2
"PASADENA, CA 91101, CA",2
"SUITE 1100, WA",2
"SANTA CLARA , CA",2
"RED WING , MN",2
"NELLIS AFB, NV",2
"WASHINGTON, VA",2
"SAN FRANCISCO, CA, CA",2
"BETWEEN CHARLTON & KING STREETS, NY",2
"NOBLESVILLE, IN",2
"NEDERLAND, CO",2
"OJAI, CA",2
"SHERBORN, MA",2
"CINCINNATI , OH",2
"KETTERING, OH",2
"ROSEMEAD, CA",2
"STEVENSVILLE, MI",2
"DENVER, CO, CO",2
"WIXOM, MI",2
"SAN FRANCISCO, CA., 94102, CA",2
"NORTH SALEM, NY",2
"GREENBELT, MD",2
"IDAHO SPRINGS, CO",2
"10TH FLOOR, NY",2
"HAMTRAMCK, MI",2
"BENBROOK, TX",2
"WILLOWS, CA",2
"NEWHALL, CA",2
"PRINCETON JUNCTION, NJ",2
"CARY, NO",2
"BROADCASTING FROM, NC",2
"CHARLOTTESVILLE, VA",2
"WATERLOO, ON",2
"CHICOPEE, MA",2
"THUNDERBOLT, GA",2
"OAK PARK, IL",2
"LONE TREE, CO",2
"PINE PLAINS, NY",2
"HALLANDALE BEACH , FL",2
", MARINA DEL REY, CA",2
"KENMORE, WA",2
"LAWNDALE, CA",2
"CLARKSVILLE, IN",2
"HENDERSON, AL",2
"ANYWHERE, OH",2
"FAYETTEVILLE, GA",2
"NORWOOD, OH",2
"BURNSVILLE, MN",2
"ALPHARETTA , GA",2
"30318, GA",2
"NORTHEAST ATLANTA, GA",2
"WHITE BEAR LAKE, MN",2
"80021, CO",2
"GRESHAM, OR",2
"WEST HAVEN, CT",2
"ST AUGUSTINE BEACH, FL",2
"AIEA, HI",2
"NEWARK/FREMONT, CA",2
"DULUTH, MN",2
"CHICAGO, 60654, IL",2
"BREMERTON, WA",2
"BATON ROUGE , LA",2
"QUEENS, NEW YORK, NY",2
"LITTLERIVER ACADEMY, TX",2
"MENDOCINO, CA",2
"20005, DC",2
"FAIRBURN, GA",2
"BOCA RATON, FL 33431, FL",2
"STONEHAM, MA",2
"SUMMIT, NJ",2
"NEW ORLEANS , LA",2
"SAN FRANCISCO CA 94102, CA",2
"GREENDALE, WI",2
"LAS COLINAS, TX",2
"BOULDER , CO",2
"., MO",2
"GAMBIER, OH",2
"33132, FL",2
"SOLON, IA",2
"MOUNTAIN LAKES, NJ",2
"60616, IL",2
"MILTON, MA",2
"PHILA, PA",2
"BROOK PARK, OH",2
"ST. PAUL , MN",2
"8TH FLOOR, PA",2
"PASADENA, CA, CA",2
"HALLANDALE BEACH, FL",2
"BURIEN, WA",2
"MIDDLETON, MA",2
"DEL MAR , CA",2
"MONMOUTH JUNCTION, NJ",2
"MONTVALE, NJ",2
"HALF MOON BAY, CA",2
"SUITE 1200, IL",2
"WASHINGTON, DC, VA",2
"GRANDVIEW, OH",2
"MATAWAN, NJ",2
"HILLSIDE, IL",2
"PINCKNEY, MI",2
"LYONS, CO",2
"PHILADEPHIA, PA",2
"FELTON, CA",2
"NW WASHINGTON, DC",2
"BURLINGTON, VT",2
"ROCK HILL, SC",2
"CENTREVILLE, VA",2
"PHILADELPHIA, AL",2
"MOUNT VERNON, OH",2
"HARRISONBURG, VA",2
"TEMPE , AZ",2
"TROPHY CLUB, TX",2
"PRINCETON , NJ",2
"REDMOND , WA",2
"PHOENIX- 85040, AZ",2
"FOREST PARK, IL",2
"97201, OR",2
"FARMER BRANCH, TX",2
"OXFORD, OH",2
"INTERNETS, CA",2
"HILLSBORO, OH",2
"WILTON, CT",2
"NEWAK, NJ",2
"GAINESVILLE , FL",2
"NIAGARA-ON-THE-LAKE, ON",2
"ADA, MI",2
"LA CANADA FLINTRIDGE, CA",1
"SAN DIEGO, SD",1
"(T) ROOM E1232, VA",1
"ROOM LL20C, CA",1
"ST. MARY'S CITY, MD",1
"SEDONA, AZ",1
"CLINTON TWP, MI",1
"LEBANON, OH",1
"ADDISON, TX",1
"HAMILTON TOWNSHIP, NJ, NJ",1
"HARRISBURG, PA",1
"14TH FLOOR, NY",1
"FOSTER CITY, CA 94404 , CA",1
"FRISCO , TX",1
"NORTH POLE, NJ",1
"AUSTING, TX",1
"WEST SPRINGFIELD, MA",1
"@ BARCLAY ST, NY",1
"FAYETTEVILLE, NO",1
"91311, CA",1
"SANTA CLARA, AL",1
"CAMPBELL, 95008, CA",1
"SANDY, UT",1
"DELEVAN, WI",1
"HOLYOKE 01040, MA",1
"LUTHERVILLE-TIMONIUM, MD",1
"SAN ANTONIO, TE",1
"MIAMI SOUTH MIAMI, , FL",1
"MOUNTAIN VIEW, 94043, CA",1
"MARTINEZ, GA",1
", MURRAY CITY , UT",1
"MINNEAPOLIS, , MN",1
"COLUMBUS, IL",1
"JOHNS CREEK , GA",1
"KANSAS, KS",1
"FT.WORTH, TX",1
"ROWLAND HEIGHTS, CA",1
"PERRY, GA",1
"FRANKLIN, MA",1
"WEST DES MOINES, IA 50266, IA",1
"DALLAS, TX 75206, TX",1
"02142, MA",1
"MENTOR, OH",1
"LAS VEGAS, AL",1
"30308, GA",1
"ST LOUIS, MISSOURI, MO",1
"LOS ANGELES 90026, CA",1
"WILLIAMSBURG, NY",1
"LOS ANGELES 90015, CA",1
"DELRAY BEACH, FL",1
"ASHLAND, OR",1
"WEBSTER, TX",1
"DALLAS, TX, TX",1
"MARTINSVILLE, VA",1
"NASHVILLE, TE",1
"EVESHAM TOWNSHIP, NJ",1
"PALO ALTO/SAN FRANCISCO, CA",1
"MANHATTAN BEACH, CA",1
"BROOKINE, MA",1
"GONZALES, TX",1
"CALABASAS, CA",1
"GRANBY, CT",1
"COLLINSVILLE, IL",1
"PARSIPPANY, NJ 07054, NJ",1
"FREDERICKSBURG , TX",1
"LANCASTER, PA",1
"SKOKIE, IL",1
"UNIVERSAL CITY 91608, CA",1
"WILMINGTON, OH",1
"WESTLAKE, CA",1
"LOS ANGELES, 9007, CA",1
"SOUTH SAN FRANSISCO, CA",1
"WOOD DALE, IL",1
"SUITE 255, WI",1
"MOUNT LEBANON, PA",1
"700 ROOM, KY",1
"10001, NY",1
"SEYMOUR, CT",1
"MILL VALLEY, CA",1
"SANTA MONICA, CA 90401, CA",1
"ANYWHERE, NV",1
"HIGHLAND, UT",1
"EL SEGUNDO, CA, CA",1
"FORT WORTH ST., TE",1
"YORKLYN, DE",1
"3RD FLOOR, NY",1
"CEDAR SPRINGS, MI",1
"BINGHAM FARMS, MI",1
"COCKEYSVILLE, MD",1
"RIDGEFIELD PARK, NJ",1
"EL PASO , AL",1
"GALVESTON, TX",1
"HOLLADAY COTTONWOOD, UT",1
"ROSLYN, NY",1
"RICKREALL, OR",1
"ARCHBOLD, OH",1
"MT. VIEW, CA",1
"BURKE, VA",1
"MONTCLAIR, CA",1
"NAPA VALLEY, CA",1
"SPAM, OH",1
"NORGE, VA",1
"GLASTONBURY , CT",1
"WENHAM, MA",1
"SUGAR LAND,  77479-4295, TX",1
"-, FL",1
"LA CAÑADA FLINTRIDGE, CA",1
"94111, CA",1
"ON THE WEB, NC",1
"GUILFORD, CT",1
"SHERMAN, TX",1
"WEST BROOKFIELD, MA",1
"BASEHOR, KS",1
"GILBERT , AZ",1
"PRIOR LAKE, MN",1
"TALLAHASSEE , FL",1
"DAYTON, KY",1
"LAS VEGAS, AZ",1
"IOWA, IA",1
"MSSION VIEJO, CA",1
"PARK BOULEVARD , CA",1
"PORT ORCHARD, WA",1
"MACDILL AFB, FL",1
"HUNTINGTON, MA",1
"-- , DC",1
"SALT LAKE CITY, UT, 84121, UT",1
"06/28/2017, CA",1
"REMOTE, OR",1
"VERNAL, UT",1
"JACKSONVILLE BCH, FL",1
"ELK GROVE , CA",1
"DEKALB, IL",1
"LISLE, IL",1
"BANNING, CA",1
"BENSALEM, PA",1
"VICTOR, NY",1
"MOUNTAIN VIEW, CA, CA",1
"SAN FRANCISO, CA",1
"MEBANE, NC",1
"NORTH WALES, PA",1
"PENNSVILLE, NJ",1
"LOS ANGELES 90095, CA",1
"MELNO PARK, CA",1
"MORGAN HILL, CA",1
"MAHWAH, NJ",1
"ORANGE , CA",1
"GEORGETOWN, CO",1
"GLENDALE HEIGHTS, IL",1
"RED OAK, TX",1
"VIRTUAL, VA",1
"SULTAN, WA",1
"POTOMAC FALLS, VA",1
"SEATTLEVANCOUVER,BCV6C 3L5CANADA, BC",1
"BOISE, AL",1
"HOLLYWOOD BEACH, FL",1
"CHATTANOOGA, TE",1
"MISSOURI CITY, TX",1
"CAMBRIDGE 02138, MA",1
"SUITE 230 PH:  650-249-4712, CA",1
"ROCHESTER, NE",1
"FOLSOM , CA",1
"TAMPA, FL",1
"9TH FLOOR, NY",1
"SAN MATEO COUNTY , CA",1
"DUBUQUE, IA",1
"WINOOSKI, VT",1
"WOODBURY, NY",1
"SOUTHAVEN, TN",1
"PURCHASE, NY",1
"WALNUT CREEK , CA",1
"LESSBURG, VA",1
"AGOURA HILLS, CA , CA",1
"WHIPPANY, NJ",1
"NASHVILLE, TN , TN",1
"PLAIN CITY, OH",1
"SEASICE, CA",1
"PORTLAND, ME",1
"WAUKEE, IA",1
"APPLE VALLEY, MN",1
"SILVER SPRING , MD",1
"WORTHINGTON, 43229, OH",1
"SUITE 850, OR",1
"GREENFIELD, WI",1
"SAN DIEGO CA 92101, CA",1
"CAMBRDIGE, MA",1
"WAYNE, MI",1
"MILLERSVILLE, MD",1
"EDEN PRARIE, MN",1
"HURST, TX 76053, TX",1
"FRANCONIA, MN",1
"DENVER, 80202, CO",1
"REYNOLDSBURG, OH",1
"CENTERVILLE, UT",1
"ORINDA , CA",1
"COSTA MESA, 92626, CA",1
"20166, VA",1
"VERONA, NJ",1
"LOS ANGELES, CA 90007, CA",1
"VIRTUAL MEETUP, TX",1
"PLANTERSVILLE, TX",1
"MIAMI BEACH, FL 33139, FL, FL",1
"SANTA MONICA, DE",1
"AUSTIN 78759, TX",1
"AUBURN, AL",1
"NEWTON , MA",1
"WESTMINSTER, CA",1
"MITCHELLVILLE, MD",1
"UNION, CT",1
"AUSTIN, TX , TX",1
"TERRE HAUTE, IN",1
"43081, OH",1
"NARRAGANSETT, RI",1
"ANOKA, MN",1
"S. EL MONTE, CA",1
"TEWKSBURY, MA",1
"COLUMBUS 43228, OH",1
"GLENPOOL, OK",1
"SHENANDOAH , TX",1
"MOUNT PLEASANT , SC",1
"FORT WORTH, TE",1
"92653, CA",1
"FAIRVIEW HEIGHTS, IL",1
"WEST PARK, FL",1
"COLORADO SPRINGS 80907 , CO",1
"SOUTH PADRE ISLAND, TX",1
"SUGARHOUSE, UT",1
"CHICAGO, IL 60654, IL",1
"JESSUP, MD",1
"PATTERSON, NY",1
"CASTAIC 91384, CA",1
"DOUGLASVILLE, GA",1
"ACWORTH, GA",1
"HAGERSTOWN, MD",1
"WEST PORT, CT",1
"MIDLOTHIAN, TX",1
"PARSIPPANY-TROY HILLS, NJ",1
"(NEAR 6TH AVENUE IN BRYANT PARK , NY",1
"CANYON COUNTRY, CA",1
"ST. DAVIDS, PA",1
"23238, VA",1
"SACRAMENTO REGION, CA",1
"YOUR VIRTUAL REALITY, OH",1
"LEVEL 4, CA",1
"N. CANTON, OH",1
"LONG BEACH CA 90802, CA",1
"RICHWOOD, OH",1
"MENDOTA HEIGHTS, MN",1
"BELLEVIEW, FL",1
"CLINTON, NJ",1
"REMOTE LOCATION, CA",1
"NESKOWIN, OR",1
"DRIPPING SPRINGS, TX",1
"CHATTANOOGA , TN",1
"CLIFTON, VA",1
"EAST LANSING, MI",1
"TURING CLASSROOM (B015), AMERICA, NC",1
"WHITE MARSH, MD",1
"ROCKWALL, TX",1
"TECUMSEH, ON",1
"UNIVERSITY PLACE, WA",1
"SHOREVIEW, MN",1
"TOMKINS COVE, NY",1
"COMMERCE, CA",1
"GILROY, CA",1
"SAN FRANICSCO, CA",1
"LARAMIE, WY 82701, WY",1
"SAN ANTONIO, TX, TX",1
"FLOOR 3, WA",1
"HAVERHILL, MA",1
"SKYKOMISH , WA",1
"MISSION, MO",1
"AUSTIN, 78704, TX",1
"CA 90095, CA",1
"ELMHURST, IL",1
"EUREKA, MO",1
"LEDYARD, CT",1
"20001, DC",1
"MEDFORD , NY",1
"DORAL , FL",1
"OLYMPIC VALLEY, CA",1
"INDIANAPOLIS (46220), IN",1
"MIDDLETOWN, OH",1
"HODGKINS, IL",1
"MIDDLEVILLE, MI",1
"SF BAY AREA, CA",1
"EAST GRAND RAPIDS, MI",1
"HOLLYWOOD, , CA",1
"GREENSBORO , NC",1
"CUDAHY, WI",1
"CRANBERRY TWP, PA",1
"WYNWOOD, FL",1
"CUBA, NY",1
"CLINTON, MI",1
"SAN FRAN, CA",1
"PLANO , TX",1
"PIKESVILLE, MD",1
"CHARLOTTE, 28205, NC",1
"BLOOMINGTON, IN",1
"SAN BERNADINO, CA",1
"OAKS, PA",1
"BEDMINSTER, NJ",1
"TALLMADGE, OH",1
"VESTAVIA HILLS, AL",1
"SCHENECTADY, NY",1
"FORT LAUDERDALE, FL, FL",1
"NEAH BAY , WA",1
"GIBSONIA, PA",1
"LAHASKA, PA",1
"LOS ANGELE, CA",1
"WOODVILLE, AL",1
"LANCASTER, NH",1
"G-122, TX",1
"LOS ANGELES , CA 90007 , CA",1
"ZOOM.US VIDEOCONFERENCE, NY",1
"GOOSE CREEK, SC",1
"MIDDLEOWN, NJ",1
"GRAPEVINE, AL",1
"SAN MARCUS, TX",1
"LECTURE ROOM 103, DC",1
"SEE LINK BELOW!, CA",1
"LAKE ORION, MI",1
"SANTA BARBARA , CA",1
"SALADO, TX",1
"GILBERT OR TEMPE, AZ",1
"33126, FL",1
"TWINSBURG, CA",1
"LOS ALTOS, CA",1
"LIBERTYVILLE, IL",1
"RUSTIC, CO",1
"JERSEY CITY, NY",1
"LA GRANGE, KY",1
"OAKLAND, CA, CA",1
"MOKENA, IL",1
"SALT LAKE CTY, UT",1
"11/15/2017, TX",1
"VIRTUAL, TX",1
"PALO ALTO, AB",1
"ASHLAND CITY, TN",1
"MT. SHASTA, CA",1
"CLARKSBURG, MD",1
"06/05/2016, KS",1
"SAVANNAH, GE",1
"OAKBROOK TERRACE, AL",1
"AVONDALE ESTATES, GA",1
"CLIFTON, NJ",1
"JAMAICA PLAIN, MA",1
"COLUMBIA, SO",1
"LOVES PARK, IL",1
"TOPANGA, CA",1
"COLUMBIA , SC",1
"01063, MA",1
"SFO, CA",1
"ROCKLIN, CA, CA",1
"NORTH SALT LAKE, UT",1
"LITTLE CHUTE, WI",1
"LONGMONT,, CO",1
"SAVAGE, MD",1
"HALTOM CITY, TX",1
"LOUISEVILLE, KY",1
"S SAN FRANCISCO, CA",1
"WINSTON SALEM , NC",1
"PORTLAND, OREGON, OR",1
"NORWELL, MA",1
"EDISON, NJ 08837, NJ",1
"LITHONIA, GA",1
"BLOOMINGTON, MN",1
"KENTWOOD, MI",1
"JULIAN, NC",1
"LOS ANGELES, 90094, CA",1
"LEES SUMMIT, MO",1
"MT. PLEASANT, SC, SC",1
"MILLBROOK, NY",1
"GASTONIA, NC",1
"SEATTLE WA 98121, WA",1
"BEE CAVE, TX",1
"APEX, NO",1
"FLEMINGTON , NJ",1
"LAS ANGELES, CA",1
"BRAINTREE , MA",1
"PUNTA GORDA, FL",1
"EATONVILLE , FL",1
"STONEY CREEK, ON",1
"LAKELAND, TN",1
"COPLEY, OH",1
"AUSTIN (TEXAS), TX",1
"OWOSSO, MI",1
"NORTH LIBERTY, IO",1
"NORFOLK, AL",1
"NEW SMYRNA BEACH, FL",1
"VOORHEES , NJ",1
"ALGONQUIN, IL",1
"SANTA CLARA, CA  95054, CA",1
"RICHMOND, TX",1
"MOSCA, CO",1
"MORAGA, CA",1
"HTTPS://GOO.GL/BFQO4I, NY",1
"LAKE CITY, WA",1
"LOS ANGELES, 90014, CA",1
"MISSION VIEJO , CA",1
"BUFFALO GROVE, IL",1
"LAKE IVANHOE, FL",1
"DREXEL UNIVERSITY, PA",1
"B\\BALTIMORE, MD",1
"TINTON FALLS , NJ",1
"CARNATION, WA",1
"USE LINK, MA",1
"MANITOU SPRINGS, CO",1
"OXON HILL, MD",1
"CLINTON TOWNSHIP, MI",1
"NONE, PW",1
"SAN LEANDRO , CA",1
"HUNTSVILLE, TX",1
"NOTRE DAME, IN",1
"16TH FLOOR, MD",1
"MADEIRA, OH",1
"PORTLAND, OR, OR",1
"LA VERNE, CA",1
"KINGSPORT, TN",1
"SELLERSBURG, IN",1
"CHARLOTTE HALL, MD",1
"WEST DESMOINES, IA",1
"JERSEY CITY , NJ",1
"94612, CA",1
"PITTSBORO, NC",1
"VENICE BEACH, CA",1
"SCOTTSDALE 85251, AZ",1
"ROLLING MEADOWS, IL 60008, IL",1
"CLAWSON, MI",1
"KIRKLANDQ, WA",1
"RESEDA, CA",1
"SOUTHPORT, CT",1
"WEST DES MINES , IA",1
"WEST LINN, OR",1
"GOLDVEIN, VA",1
"90024, CA",1
"PAIGE, TX",1
"DALLAY, TX",1
"UNITED STATES, NC",1
"SAN RAFAEL , CA",1
"KING GEORGE, VA",1
"OWINGS MILLS, MD",1
"VENICE, CO",1
"WESTSIDE LOS ANGELES, CA",1
"WESTHAMPTON, MA",1
"COLUMBIA, SC 29201, SC",1
"CHARLESTON, SO",1
"27701, NC",1
"FLOOR 19, CA",1
"SAN CLEMENTE, CA",1
"GAINESVILLE, , FL",1
"WEST HOMESTEAD, PA",1
"BRATTLEBORO, VT",1
"HENSERSON, NV",1
"95113, CA",1
"MONSON, MA, MA",1
"8TH FLOOR , NY",1
"BENSON, NC",1
"ROOM 06.68 (MOOT COURT), NY",1
"ALLENDALE, MI",1
"ROCKVILLE CENTRE, NY",1
"SEWANEE, TN",1
"VIRGINIA BEACH , VA",1
"WASILLA, AK",1
"GO-TO-MEETING, CA",1
"MIAMI 33136, FL",1
"BOSTON 02210, MA",1
"MILFORD, MI",1
"ELK, NJ",1
"90045, CA",1
"RAMSEY, MN",1
"ARDMORE, PA",1
"MUSKEGON, MI",1
"BOLTON, MS",1
"TULSA , OK",1
"TEMECULA, CA",1
"OREM , UT",1
"NEW BRUNSWICK , NJ",1
"WELLESLEY HILLS, MA",1
"WAUWATOSA , WI",1
"97205, OR",1
"COVINGTON, VA",1
"80204, CO",1
"FT. COLLINS, CO",1
"KUTZTOWN, PA",1
"ALBANY, NY",1
"WHEELING, WV",1
"HARLEM, NY",1
"OK, OK",1
"PROSPECT, KY",1
"SCOTSSDALE, AZ",1
"CLATRKSVILLE, IN",1
"DALLASE, TX",1
"NEW BRIGHTON, MN",1
"HALSEY, OR",1
"NORTH HOLLYWOOD, CA 91601, CA",1
"NASHVILLE, 37210, TN",1
"BROOKS, CA",1
"WEST LAKELAND, MN",1
"UNITED STATES, VA",1
"OCEAN RIDGE, FL",1
"NEW YORK, NY",1
"MEDINA, MN",1
"SOUTH DAYTONA, FL",1
"LANSING, IL",1
"33129, FL",1
"SCOTTSALE, AZ",1
"GIRARD, OH",1
"MILFORD, OH",1
"4TH FLOOR, NC",1
"MOUNDVILLE, AL",1
"HUME, VA",1
"PLANO, TX",1
"HARISSON, NJ",1
"OMAHA, AL",1
"BURBANK , CA",1
"CHICAGO, WI",1
"PALO ALTO, 94301, CA",1
"SOUTH PASADENA , CA",1
"2016/08/25, IN",1
"BROOKFIELD, CT",1
"DORAL,  33122 , FL",1
"BROOKLYN, OH",1
"BOSTON  , MA",1
"ORANGE, MA",1
"KANSAS CITY, KS",1
"ROOM E130 AB, WI",1
"BURLINGTON, CT",1
"GRIMSBY, ON",1
"ST ANTHONY, MN",1
"HARRISON, NY",1
"BERKLEY, CA",1
"ANYTOWN, HI",1
"ANYWHERE, TX",1
"MODESTO , CA",1
"TORRINGTON, CT",1
"MURFREESBORO , TN",1
"HOFFMAN ESTATES , IL",1
"NORTH FREEDOM, WI",1
"PACIFICA, CA",1
"11/27/2016, CA",1
", WINTER SPRINGS, FL",1
"CLOSTER, NJ",1
"VILLA PARK,, IL",1
"GLEN BURNIE, MD",1
"BRATTELBORO, VT",1
"PORTLAND, OH",1
"7TH FL, NY",1
"BALITMORE, MD",1
"CERRITOS, CA",1
"CONNECTICUT, CT",1
"SANDY SPRINGS, GE",1
"JACKON, TN",1
"ROCKFORD, MI",1
"NEW JERSY, NJ",1
"TEANECK, NJ",1
"CHESTER, VA",1
"SHERIDAN, CO",1
"WAKEFIELD, MA",1
"LINK TO BE PROVIDED, AZ",1
"HONDO, TX",1
"ALTOONA, IA",1
"INDIALANTIC , FL",1
"LAKEWOOD RANCH, FL",1
"BAINBRIDGE , OH",1
"RED BANK, NJ",1
"PALO ALTO, SF AND MOUNTAIN VIEW, CA",1
"WARNER ROBINS, GA",1
"CULVER CITY, AL",1
"GRANVILLE, OH",1
"ZIONSVILLE , IN",1
"BIG SUR, CA",1
"HOLLADAY, UT",1
"MONMOUTH, OR",1
"TREDYFFRIN TOWNSHIP, PA",1
"SAN LORENZO, CA",1
"SANTA MONICA 90404, CA",1
"MANHATTAN, NYC, NY",1
"07/22/2016, CT",1
"80309, CO",1
"WEBINAR, CA",1
"GRAYSLAKE, IL",1
"FRISCO, CO",1
"RICHMOND, VI",1
"GLENDALE , CA",1
"GRANITE FALLS, NC",1
"LAUDERDALE LAKES, FL",1
"TULARE, CA",1
"DOVER, DE",1
"HTTPS://GOO.GL/BFQO4I, OH",1
"SALT LALEHIKE CITY, UT",1
"LUSBY, MD",1
"SAVAGE  , MD",1
"DURHAM/RTP, NC",1
"DULLES TOWN CENTER, VA",1
"MARTINSVILLE, VA",1
"ANYWHERE, CT",1
"WASHINGTON, D.C., VA",1
"ROOM FAB 86-01, OR",1
"90046, CA",1
"ARLINGTON, VA 22201, VA",1
"#2, MA",1
"BLYTHE, GA",1
"BASTROP, TX",1
"ST PETERSBURG , FL",1
"LEONIA, NJ",1
"YUBA CITY, CA",1
"WESTBOROUGH, MA",1
"97214, OR",1
"PLANO, AL",1
"WRIGHTSTOWN, WI",1
"10027, NY",1
"FT. WORTH, 76120, TX",1
"MOFFETT FIELD , CA",1
"DES MOINES 50310, IA",1
"BROOKS, OR",1
"RICHLAND, WA",1
"10/18/2017, TX",1
"CHAPEL HILL, NO",1
"BUENA PARK , CA",1
"ALPHARETTA, GA",1
"SUITE 50, VA",1
"WINTER PARK, AL",1
"ROXBURY, RO",1
"WHITEHALL, MI",1
"UT, UT",1
"DIXON, CA",1
"SANTA MONICA,, CA",1
"SAN FRANCSICO, CA",1
"CARLE PLACE, NY",1
"A, CA",1
"EDGEWOOD, MD",1
"CLERMONT, FL",1
"MOUNTAIN TOP, PA",1
"VENICE 90291, CA",1
"BELMONT, MA",1
"LOWELLVILLE, OH",1
"MIDDLEBURY, VT",1
"SF, CA",1
"LINDENHURST , NY",1
"LOS ANGELES, 90015, CA",1
"78756, TX",1
"EASTON, PA",1
"LAKEWOOD , WA",1
"CANAL WINCHESTER, OH",1
"NORTH HAVEN, CT",1
"HOMEWOOD, 35209, AL",1
"MINNEPOLIS, MN",1
"CRYSTAL LAKE, IL",1
"HIGHLAND, MI",1
"WASHINGTON 20004, DC",1
"BAY VIEW, WI",1
"WYNDMOOR, PA",1
"NEWPORT, AL",1
"LIVE OAK, TX",1
"FREDERICKSBURG, TX",1
"LONG BEACH, CA 90803, CA",1
"EAST HAVEN, CT",1
"LAWRENCEVILLE,, GA",1
"BLUE POINT, NY",1
"HARLEM , NY",1
"20016, DC",1
"DOVER PLAINS, NY",1
"MARIETTA , GA",1
"SILVERADO , CA",1
"JOINT BASE LEWIS-MCCHORD, WA",1
"PARK HILLS, MO",1
"WELLINGTON, FL",1
"LAJOLLA , CA",1
"FORTH WORTH, TX",1
"PORT HUENEME, CA",1
"GEORGIA TECH, GA",1
"MASPETH, NY",1
"BOLINAS, CA",1
"DORAVILLE, GA",1
"VALLEY, NE",1
"NIAGARA FALLS, ON",1
"CHICAGO 60616, IL",1
"NEW PALTZ, NY",1
"REDWOOD CITY , CA",1
"DENVER, OR",1
"ARLINGTON,, VA",1
"WOODS HOLE, MA",1
"WEST ALLIS, WI",1
"WHITEHALL, OH",1
"CAMBRIDGE MA 02142, MA",1
"CHENNAI, AL",1
"ROBBINSDALE, MN",1
"STAFFORD , TX",1
"LA JOLLA , CA",1
"RIVERSIDE, CA",1
"FAIRDALE, KY",1
"BREVARD COUNTY, FL",1
"SUITE 1255, NY",1
"20191, VA",1
"PRAIRE VILLAGE, KS",1
"JACKSON, TN",1
"YOUR HOME TOWN, OH",1
"MEMPHIS/CORDOVA, TN",1
"HOWELL, MI",1
"98109, WA",1
"ESSEX, CT",1
"N.Y., NY",1
"BROOKLYN, AL",1
"BARRIE, ON",1
"MURRAY , UT",1
"TYSON'S CORNER, VA",1
"DECATUR,, GA",1
"BUILDING 908 ROOM 03-3E027, TX",1
"STAR, ID",1
"PHILADELPHIA, PA , PA",1
"EAST HANOVER, NJ",1
"STE 200, IL",1
"NORTH BETHESDA, MD",1
"STEVENSON RANCH, CA",1
"SHOREWOOD, WI",1
"ANTIOCH, TN",1
"CAMDEN, NJ",1
"SPANISH FORT, AL",1
"BROWN DEER , WI",1
"NASHVILLLE, TN",1
"SAN BERNARDINO , CA",1
"WEST COLUMBIA, SC",1
"CLEARFIELD, UT",1
"BROOKLYN PARK , MN",1
"16TH FLOOR, NY",1
"ANDOVER, NJ",1
"ROOM 101, NY",1
"DAHLGREN, VA",1
"ELM GROVE, WI",1
"SWISHER, IA",1
"HOUSTON  77005, TX",1
"MANLIUS, NY",1
"FISHERVILLE , KY",1
"90095, CA",1
"N/A, CA",1
"OAKLAND, PA",1
"CONF. ROOM 8.403, VA",1
"EVERGREEN, CO",1
"AFFTON, MO",1
"LIBERTY TOWNSHIP, OH",1
"MIDDLEBURG HEIGHTS, OH",1
"OAKLAND, AL",1
"CALIFORNIA CITY, CA",1
"OKEMOS , MI",1
"NEW BRITAIN, CO",1
"HUNTSVILLE, UT",1
"LONG ISLAND, NY",1
"MILWAUKEE , WI",1
"06/21/2014, CA",1
"CHAPEL HILL , NC",1
"CULVER CITY , CA",1
"GREENVILLE, TX",1
"FLORENCE , OR",1
"94035, CA",1
"03/08/2017, CA",1
"SRASOTA, FL",1
"11/16/2017, CA",1
"NORFOLK  23517, VA",1
"NEW HAVEN , CT",1
"DALLLAS, TX",1
"HULMEVILLE, PA",1
"CLEVELAND HTS., OH",1
"PISMO BEACH, CA",1
"FUQUAY VARINA, NC",1
"SALT LAKE CITY,, UT",1
"KINGS MOUNTAIN, NC",1
"HENDERSONVILLE, TN",1
"BLOOMFIELD TWP, MI",1
"MEDFORD , MA",1
"AMERICAN CANYON, CA",1
"RICHARDSON, AL",1
"SACRAMENTO, AL",1
"NEWARK, OH",1
"OWENSBORO, KY",1
"JACKSONVILLE, FL, FL",1
"MIDDLETOWN, OH",1
"SANTA MONICA,, CA",1
"HTTPS://GOO.GL/BFQO4I, BC",1
"NASHVILLE, 37214, TN",1
"FISHERS IN, IN",1
"ATLANTA, 30326, GA",1
"SNOWBIRD, UT",1
"ONLINE , NJ",1
"COUNCIL BLUFFS, IA",1
"BLOOMINGTON, MI",1
"KENT , OH",1
"ANYWHERE, FL",1
"WEST PALM BEACH , FL",1
"YOUR CITY, IL",1
"WEST ISLIP, NY",1
"MARYVILLE, TN",1
"SALIDA, CA",1
"PEARLAND, TX",1
"ANYWHERE, NC",1
"BRIDGEPORT, PA",1
"COPPER MOUNTAIN, CO",1
"EDINA , MN",1
"CLEARWATER BEACH, FL",1
"GULFPORT, FL",1
"BLOOMINGTON, 55437, MN",1
"TUCKER, GA",1
"FUQUAY-VARINA, NO",1
"LAKE FOREST 92630, CA",1
"SPICEWOOD, TX",1
"DES PERES , MO",1
"MCCANDLESS TOWNSHIP, PA",1
"TAYLOR, TX",1
"BERKELEY, AL",1
"100A (GROUND FLOOR), NY",1
"PARSIPPANY, NJ",1
"SEVEN SPRINGS, PA",1
"ST. MICHAEL, MN",1
"92014, CA",1
"NORTH DECATUR, GA",1
"KALAMAZOO TOWNSHIP, MI",1
",ATLANTA, GA",1
"SAN FFANCISCO, CA",1
"MANSFIELD, MA",1
"POPE FIELD, NC",1
"PLYMOUTH , MN",1
"ANYWHERE, MO",1
"MESA , AZ",1
"5TH FLOOR LOUNGE, DC",1
"PLUTO, AK",1
"NEWBERRY, IN",1
"TYSON'S, VA",1
"DEPTFORD, NJ",1
"33025, FL",1
"06/16/2016, IN",1
"MONTGOMERY , AL",1
"GLENCOE, WI",1
"PRINCETON, TX",1
"WESTLAKE VILLAGE 91361, CA",1
"BOONTON , NJ",1
"LAWRENCEVILLE, 30043-2408, GA",1
"YOUR TOWN, FL",1
"CINCINNATI, KY",1
"OAK GROVE, MN",1
"CHICAGO, IL",1
"AURORA, OH",1
"SEATAC, WA",1
"ROSEDALE, NY",1
"ALBUQUERQUE, NE",1
"MADRAS, OR",1
"LEANDER, TX",1
"CHARLESTOWN, MA",1
"CAMBRIDGE, MA 02142, MA",1
"WOODLANDS, TX",1
"CHESTER , MA",1
"MILILANI, HI",1
"CORAL GABLES, UM",1
"PEMBROKE PINES,, FL",1
"CRESTED BUTTE, CO",1
"TBA, CA",1
"QUEENS COUNTY, CA",1
"MT JACKSON, VA",1
"CULVER CITY, CA, CA",1
"MORRISVILLE , NC",1
"PENINSULA, OH",1
"BROOKSVILLE, FL",1
"CHEVY CHASE, NY",1
"HONOLULU, HA",1
"28TH FLOOR, NY",1
"PORTLAND, OR",1
"LONE JACK, MO",1
"ASHWAUBENON, WI",1
"FRANCISCO, CA",1
"90008, CA",1
"TAMPA,, FL",1
"21401, MD",1
"ORANGE, CT",1
"MONROE , WA",1
"EWING, NJ",1
"CASTLE ROCK , CO",1
"SILVERLAKE, CA",1
"WATERTOWN, MA, NY",1
"EDEN PRAIRIE, MI",1
"FORT THOMAS, KY",1
"COSTS MESA, CA",1
"PLAIN CITY 43064, OH",1
"CARBONDALE, CO",1
"NEEDHAM HEIGHTS, MA",1
"REDMOND, OR",1
"VIRTUAL, NJ",1
"TAYLORSVILLE, KY",1
"BOSTON, MASSACHUSETTS, USA 02115, MA",1
"WORLD WIDE WEB, CA",1
"4TH FLOOR (CONCOURSE ROOM), NY",1
"80229, CO",1
"92853, CA",1
"CHICAGO, IL 60601, IL",1
"TEMPLE , TX",1
"BOSTON, 0211, MA",1
"ST PAUL, MI",1
"GUNTER, TX",1
"CARLSTADT, NJ",1
"60606, IL",1
"28314, NC",1
"NEW YORK , NJ",1
"AUSTELL, GA",1
"STAFFORD SPRINGS, CT",1
"THOMASTON , CT",1
"555 WEBSITE LANE (THEY REQUIRE A, CA",1
"ASHBURN, VI",1
"RALEIGH, GA",1
"ROELAND PARK, KS",1
"CALIFORNIA, AL",1
"COOKEVILLE, TN",1
"TIME ZONE: UTC-5/EDT, NY",1
"FT. WORTH, TX",1
"MEDIA , PA",1
"NORTH PARK, CA",1
"FRESNO, AL",1
"HOBOKEN, NE",1
"FARRAGUT, TN",1
"OAK PARK, MI",1
"EAST GRANBY, CT",1
"DURHAM, 27708, NC",1
"EASTPOINTE, MI",1
"BUENA PARK, CA",1
"20500, DC",1
"BEVERLY HILLS , CA",1
"TULARE , CA",1
"SNOHOMISH, WA",1
"MCCLEAN, VA",1
"WEST PALM BCH, FL",1
"ASHBURN , VA",1
"CASA GRANDE, AZ",1
"LOWELL 01854, MA",1
", GREENWOOD VILLAGE, CO  80111 , CO",1
"MONTEREY , CA",1
"LONGVIEW, TX",1
"DAYTON , OH",1
"LAGRANGE, KY",1
"SANTA MONICA, CA",1
"WARWICK, NY",1
"JEFFERSONTOWN, KY",1
"DEADWOOD, SD",1
"OAKDALE, NY",1
"LAWREENCE, KS",1
"NORTH LAS VEGAS, NV",1
"WEST SAINT PAUL, MN",1
"DEBARY, FL",1
"HILLSBOROUGH, NJ",1
"CEDAR HILL, TX",1
"DALLAS, 75206, TX",1
"WILMETTE, IL",1
"03/10/2014, CA",1
"CHESTERBROOK, PA",1
"B'HAM, AL 35212, AL",1
"MANALAPAN TOWNSHIP, NJ",1
"6TH FLOOR, NY",1
"CANTON, MA",1
"GRANGER, IN",1
"WORECESTER, MA",1
"VERONA, PA",1
"SALT LAKE CITY, 84113, UT",1
"CHAMPAIGN, IL",1
"COLLEGE PARK, MD 20742, MD",1
"PARADISE VALLEY, AZ",1
"JACKSON, WY",1
"BURLINGTON, ON",1
"90014, CA",1
"DRESHER, PA",1
"MILIPITAS, CA",1
"COLUMBIA, MA",1
"SACRAMENTO, 95815, CA",1
"98006, WA",1
"GLEN HEAD, NY",1
"SPARTA TOWNSHIP, NJ",1
"SANTE FE, NM",1
"BLACKHAWK, CA",1
"OCEANSIDE , CA",1
"CM, CA",1
"ARLINGTON, WA",1
"NEW YORK 10011, NY",1
"LORTON, VA",1
"EDEN PRAIRIE , MN",1
"DANIEL ISLAND, SC",1
"SUMMERLIN, NV",1
"EDEN PRAIRIE, MN 55344, MN",1
"RALEIGH 27608, NC",1
"FT. MYERS, FL",1
"MEDLEY, FL",1
"SOMERSET , NJ",1
"CULVER, CA",1
"SCOTT AFB, IL",1
"LAFAYETTE, 80026, CO",1
"CHARLOTTE, 28206, NC",1
"BANNOCKBURN , IL",1
"PLYMOUTH, MA",1
"ST JOSEPH, MN",1
"PLEASANTON, CA",1
"19801, DE",1
"RALSTON, NE",1
"YOUR TOWN, PA",1
"DAYTON/FAIRBORN, OH",1
"LOS ANGELES 90027, CA",1
"SILVER LAKE, CA",1
"NORRISTOWN, PA",1
"30346, GA",1
"TEHACHAPI, CA",1
"GLENDORA, CA",1
"ATLANTA, FL",1
"TENAFLY, NJ",1
"SANDY , UT",1
"HTTPS://GOO.GL/BFQO4I, GA",1
"HUNTINGTON VALLEY, PA",1
"LOS ANGELES,, CA",1
"SARATOGA SPRINGS, NY",1
"FORTVILLE, IN",1
"MOUNT OLIVE TOWNSHIP, NJ",1
"NEW RIVER, AZ",1
"LARKSPUR, CO",1
"SANTA ANA , CA",1
"EL GRANADA, CA",1
"RICHARDSON, 75080, TX",1
"LAYTONVILLE, CA",1
"33181, FL",1
"AUSTIN, AL",1
"DARNESTOWN, MD",1
"JAMESTOWN, KY",1
"MAYER, AZ",1
"01/24/2017, IL",1
"MONROVIA   , CA",1
"FALLBROOK, CA",1
"HONOLULU , HI",1
"CINCINNATI, AL",1
"WESTERN SPRINGS, IL",1
"CHEYENNE , WY",1
"STUDENT UNION BLDG, CA",1
"ELLICOTTVILLE, NY",1
"PRINCE FREDERICK, MD",1
"MURRAY CITY, UT",1
"MILLS RIVER, NC",1
"CINICINNATI , OH",1
"ST.PETERSBURG, FL",1
"PALM COAST, FL",1
"DURHAM, AL",1
"LOS SAN FRANCISCO, CA",1
"ALSIP, IL",1
"ELMER, NJ",1
"PINELLAS PARK, FL",1
"GREENWOOD VLG, CO",1
"LYNN, MA",1
"TRUMBULL, CT",1
"PARADISE, NE",1
"TOANO, VA",1
"SHARPSBURG, MD",1
"NORTH READING, MA",1
"AUDUBON, PA",1
"ARLOINGTON, VA",1
"MT. LEBANON, PA",1
"LAKE CITY, FL",1
"NATIONAL HARBOR, DC",1
"WARREN,, MI",1
"LOS ANGELES, 90049, CA",1
"MADISON, WI",1
"PORTLAND. 97202, OR",1
"ASHEVILLE, NC",1
"LAKE ELSINORE, CA",1
"BURLINGAME, CA, CA",1
"WINTER GARDEN, AL",1
"SAN FRANCISCO, 94121, CA",1
"MOUNTAINVIEW, CA",1
"ONLINE, MO",1
"LEXINGTON PARK, MD",1
"HOLIDAY, FL",1
"STUART, FL",1
"TAMPA, FL 33620, FL",1
"WASHINGTOTHE PLAINSN, VA",1
"SOUTH NASHVILLE, TN",1
"IRVINE, CA 92618, CA",1
"BRADDOCK, PA",1
"DECATUR , GA",1
"ANTIOCH, IL",1
"FARMINGTON, NM",1
"HIGHLAND PARK, CA",1
"BURNET, TX",1
"POMANA, CA",1
"BROOKLYN NEW YORK, NY",1
"05/14/2016, CA",1
"PLAINVIEW , NY",1
"WESTBROOK, ME",1
"MANHATTAN , NY",1
"HTTP://CODEANDSUPPLY.CO/CHAT, PA",1
", AL",1
"PORT WASHINGTON, NY",1
"DETROIT, AL",1
"FAYETTEVILLE, AR",1
"SANDY SPRINGS 30328, GA",1
"SHORELINE, WA",1
"WOONSOCKET, RI",1
"CITY OF INDUSTRY, CA",1
"MADISON , WI",1
"WESTLAKE VILLAGE,, CA",1
"BETHEL PARK, PA 15102, PA",1
"FAIRFIELD, NJ",1
"FREEHOLD, NJ",1
"BELCHERTOWN, MA",1
"SANTA FE , NM",1
"SAN JOSE, CA 95113, CA",1
"MONTGOMERY , OH",1
"BRYANT POND, ME",1
"PARK CITY UT 84098, UT",1
"VALENCIA , CA",1
"OAKLEY, CA",1
"SAN FRANSISCO, CA",1
"TAHLEQUAH, OK",1
"CLACKAMAS, OR",1
"CAMBRIEDGE, MA",1
"PHARUMP, NV",1
"MINT HILL, NC",1
"YOUR TOWN, AR",1
"WASHINGTON, DC , DC",1
"SORRENTO, FL",1
"LAWRENCE , KS",1
"TEMPLE TERRACE , FL",1
"LAND O LAKES, FL",1
"CANTON, CT",1
"SAN FRANCISCO, CA 94158, CA",1
"PIKE NATIONAL FOREST, CO",1
"FLUSHING , QUEENS, NY",1
"SOUTH BEND , IN",1
"PLANO  75024, TX",1
"NORTH POLE, AK",1
"ABERDEEN, NC",1
"SOUTH MIAMI, FL",1
"QUEENS, 11378, NY",1
"NEW YORK, RI",1
"RIDGEFIELD, CT",1
"WEST SAYVILLE, NY",1
"CADDO MILLS, TX",1
"NEW YORK 10004, NY",1
"MORENO VALLEY, CA",1
"MILTON, WI",1
"HENRIETTA, NY",1
"[VIRTUAL], CA",1
"BAY AREA, CA",1
"ORCUTT, CA",1
"URBANA, IL",1
"WESTLAKE, TX",1
"CHICAGO, IL 60611 , IL",1
"PORTLAND  97239, OR",1
"SEABROOK, TX",1
"WATERFORD TOWNSHIP, MI",1
"PASADENA, TX",1
"SAN FRANCISCO BAY AREA, CA",1
"CORRALES, NM",1
"LAKE FOREST  , CA",1
"CAPE MAY, NJ",1
"ELKO, NV",1
"SCOTTSVILLE, NY",1
"HAMBURG, PA",1
"BARKHAMSTED, CT",1
"GARYSBURG, NC",1
"DILLON, CO",1
"AVONDALE, AL",1
"ASHLAND, VA",1
"BETHLEHEM , PA",1
"HEBER CITY, UT",1
"LADSON, SC",1
"ORLANOD, FL",1
"SOUTHGATE, MI",1
"NEWPORT BEACH, CA",1
"CONCOURSE LEVEL - TRAINING CENTE, DC",1
"PATERSON, NJ",1
"CHESTERLAND, OH",1
"PASADENA , CA",1
"TUCKAHOE, VA",1
"PLANTSVILLE , CT",1
"VERNON, CT",1
"LAKE FOREST, IL",1
"ELMWOOD, LA",1
"YOUR COMPUTER, TX",1
"YULEE, FL",1
"LEEDS, MA",1
"WADSWORTH, OH",1
"ADDISON, TX, TX",1
"ST. PETERS, MO",1
"VENICE PIER, CA",1
"SAINT LEONARD, MD",1
"CRAMERTON, NC",1
"ROLLING HILLS ESTATES, CA",1
"WASHINGTON TOWNSHIP, OH",1
"(10 UN BUILDING), 4TH FLOOR - NE, CA",1
"OAKDALE, MN",1
"COLUMBUS, OH, OH",1
"PRESTON, ID",1
"OCOEE, FL",1
"27606, NC",1
"LEBANON, PA",1
"PERRIS, CA",1
"HINCKLEY, OH",1
"EGG HARBOR, WI",1
"10012, NY",1
"CHELSEA, NY",1
"RALEIGH, NC 27606, NC",1
"OKLAHOMA, OK",1
"EAGLE MOUNTAIN, UT",1
"CHESTERFIELD , MO",1
"NY 10017, NY",1
"MORISVILLE, NC",1
"WEST WINDSOR TOWNSHIP, NJ",1
"CEDAR HILLS, UT",1
"BEACON, NY",1
"BOZEMAN, MT",1
"NY NY, NY",1
"CLEVELANDHTTPS://GOO.GL/BFQO4I, OH",1
"SISTERS, OR",1
"NEW KENSINGNTON, PA",1
"MARSHALL, VA",1
"WESLEY CHAPEL, FL",1
"CARMICHAEL, CA",1
"SPRING LAKE, NC",1
"EAST NORWALK, CT",1
"LEAGUE CITY, TX",1
"CHEHALIS, WA",1
"ALABASTER, AL",1
"TBD, MI",1
"STORRS, CT 06269, CT",1
"DULUTH, GA 30096, GA",1
"MILPITAS,  CA 95035, CA",1
"MORRIS PLAINS, NJ",1
"USA, CA",1
"ONLY, KS",1
"CHEVY CHASE , MD",1
"NEWCASTLE, CA",1
"92093, CA",1
"BUTLER, MO",1
"VICTORVILLE , CA",1
"CARPENTERIA, CA",1
"IRONDEQUOIT,, NY",1
"GAINESVILLE, TX",1
"SAN FRANCISCO, TX",1
", BROOKLYN, NY",1
"COLUMBUS, MN",1
"MICHIGAN, MI",1
"NEW HARTFORD, CT",1
"VANCOUVER, OR",1
"SUMNER, WA",1
"AVALON, CA",1
"PAMONA, CA",1
"FREELAND, WA",1
"MANKATO, MN",1
"CRANFILLS GAP, TX",1
"SCOTTS VALLEY, CA",1
"FERNANDINA BEACH, FL",1
"NEW YORK, 10036, NY",1
"STONY BROOK , NY",1
"MISSOURI, MO",1
"WEST MONROE, LA",1
"LINDON, UT",1
"TRAVERSE CITY, MI",1
"OSWEGO, NY",1
"WEST HARTFORD , CT",1
"CHICAGO, IL 60606, IL",1
"CONIFER, CO",1
"ONLINE , NC",1
"FIFE, WA",1
"INDEX, WA",1
"HIGHLAND PARK, IL 60035, IL",1
"LAKE CITY, FL",1
"MERIDIAN CHARTER TOWNSHIP, MI",1
"ATLANT, GA",1
"ATLANTIC CITY , NJ",1
"FL, FL",1
"MAYNARD, MA",1
"6TH FLOOR , DC",1
"NEWPORT COAST, CA",1
"SAN FRANCISCO, WA",1
"SUNNYVALE 94089, CA",1
"SOQUEL, CA",1
"CLOVIS, AREA CODE 93612, CA",1
"SAINT PAUL , MN",1
"LOVELAND , CO",1
"VANCOUVER , WA",1
"GLENDALE, WI",1
"75024, TX",1
"VOLENTE, TX",1
"COLUMBUS, AL",1
"BROOKHAVEN, GA",1
"BLACKSBURG, VA",1
"HILLIARD, FL",1
"HUNT VALLEY, MD",1
"STEPHENTOWN, NY",1
"WATERVILLE, OH",1
"TBD, IL",1
"DUBLLIN, OH",1
"SPRING VALLEY, CA",1
"ANNADALE, VA",1
"ANTELOPE, CA",1
"LOS ANGELES, 90089, CA",1
"92606, CA",1
"FORISTELL, MO",1
"MT. PROSPECT, IL",1
"JOHNSON CITY , TX",1
"WINDSOR LOCKS, CT",1
"ENGLEWOOD, NJ",1
"BOSTON 02144, MA",1
"EVERETT, MA",1
"..., OR",1
"LITTLE FALLS, NJ",1
"MADISON, WI, WI",1
"DAVIE, FL  33317, FL",1
"LOS ANGELES 90731, CA",1
"NORTHWOOD, OH",1
"KITCHENER, ON",1
"PALM BAY, FL",1
"BROKEN ARROW, OK",1
"LOS ANGELES, LA",1
"EL SEGUENDO, CA",1
"LIVINGSTON, LA",1
"BROCKTON, MA",1
"ARRINGTON, TN",1
"PALMER, AK",1
"MATHER, CA",1
"PUYALLUP , WA",1
"HOLLYWOOS, CA",1
"BLACK HAWK, CO",1
"REDONDO BEACH,, CA",1
"CREVE COEUR , MO",1
"SHARONVILLE, OH",1
"LOS ANGELES 90024, CA",1
"ANCHORAGE, AL",1
"TYSONS CORNER, MD",1
"N.E. MINNEAPOLIS, MN",1
"MENLO PARK, CA 94025, CA",1
"NEW ORLEANS, LA",1
"PURCELLVILLE, VA",1
"WISE, VA",1
"GOLD RIVER, CA",1
"CHERRY HILL, NJ",1
"STERLING HIEGHTS, MI",1
"INDIANAPOLIS, AL",1
"WASHINGON, DC",1
"CHANDLER, AR",1
"ALLISO VIEJO, CA",1
"MANHATTAN 10019, NY",1
"92106, CA",1
"WA, WA",1
"FT. COLLINS, 80523, CO",1
"WEST NEWTON, MA",1
